CNTSTUID,ST001D01T,AGE,ST004D01T,IMMIG,ST082Q01NA,ST082Q02NA,ST082Q03NA,ST082Q08NA,ST082Q09NA,ST082Q12NA,ST082Q13NA,ST082Q14NA,ST034Q02TA,ST034Q05TA
12424235,9,15.5,1,1,3,3,3,4,3,3,3,3,2,2
12429006,9,16.33,1,3,3,4,3,3,3,3,3,3,3,2
12400971,9,15.67,2,1,3,3,4,3,4,4,4,4,2,2
12403107,9,15.92,2,1,3,2,3,3,3,3,3,3,3,2
12423545,10,15.67,1,1,3,3,3,3,3,3,3,3,2,2
12418402,10,15.75,1,3,3,3,3,3,3,3,3,3,2,2
12411395,10,15.75,1,1,2,4,4,4,3,4,3,999,1,2
12415721,10,16.33,1,1,3,4,4,4,2,3,3,2,3,2
12413484,10,15.5,1,1,3,3,3,3,4,3,4,4,4,4
12424308,10,15.92,1,1,4,3,3,3,3,3,4,3,1,2
12423243,10,15.92,1,1,1,2,2,2,2,2,1,1,4,4
12410963,10,15.92,1,1,3,4,3,3,4,4,4,4,4,2
12410470,10,16.33,1,1,3,4,3,3,3,3,3,3,2,2
12410687,10,16.33,1,3,1,3,3,3,3,3,2,2,2,2
12403075,10,15.42,1,1,3,4,3,3,1,3,2,3,2,2
12404052,10,16.17,1,1,1,3,3,3,1,4,1,3,2,2
12425137,10,15.92,1,1,4,3,3,3,4,4,3,4,2,2
12413651,10,15.58,2,1,3,3,3,3,3,3,3,3,1,2
12415074,10,16.33,2,1,2,3,3,3,2,3,3,3,1,2
12400360,10,16.33,2,3,2,4,4,4,4,4,3,4,2,1
12430066,10,15.67,2,1,2,3,2,2,2,2,2,2,3,2
12401230,10,16.25,2,1,2,3,3,3,3,4,3,3,2,2
12427048,10,16.33,2,1,3,4,3,3,3,4,4,4,1,1
12426490,10,15.92,2,1,1,2,1,1,1,1,1,1,1,2
12412200,10,15.67,2,1,3,4,3,3,4,3,4,4,2,1
12416958,9,15.42,1,999,3,3,3,3,2,3,3,3,2,2
12416017,10,15.58,1,1,3,3,3,3,3,3,3,3,2,2
12421359,10,15.42,1,1,3,3,4,3,4,3,3,3,2,3
12400042,10,16.17,1,1,3,3,4,4,2,4,3,4,2,2
12428669,10,16.08,1,1,3,2,4,3,4,3,4,4,2,3
12418844,10,15.58,1,1,3,2,4,4,2,4,3,3,2,1
12411073,10,15.67,2,999,4,4,4,4,2,4,4,4,3,4
12406211,10,15.92,2,1,2,3,3,3,1,4,1,2,2,2
12413890,10,15.92,2,1,4,2,3,3,4,3,3,4,2,2
12429391,10,16.08,2,1,3,3,3,3,3,3,3,3,1,2
12406411,10,16.25,2,1,3,3,3,3,3,3,3,3,3,2
12419664,10,16.25,2,999,3,3,4,4,4,3,4,4,1,2
12413415,10,15.67,2,1,3,3,3,3,3,3,3,3,2,3
12406568,9,15.42,1,1,4,4,3,3,3,3,3,4,1,1
12424232,10,15.83,1,1,3,3,3,3,3,3,3,3,2,1
12405331,10,16,1,1,3,3,3,3,4,3,4,4,3,3
12402232,10,15.58,1,1,3,3,4,4,4,3,3,4,1,1
12414475,10,15.67,1,1,3,3,3,3,3,3,3,3,2,2
12414783,10,15.58,1,1,3,3,3,3,3,3,3,3,1,2
12427277,10,15.67,1,1,3,3,3,3,3,3,3,3,2,2
12416550,10,16,1,1,1,3,3,3,1,1,1,1,1,2
12423090,10,15.58,1,3,3,3,4,3,3,4,3,4,2,3
12408520,10,15.75,1,1,4,4,4,4,4,4,4,4,1,1
12406807,10,15.75,2,1,2,3,3,3,2,3,2,2,2,4
12424400,10,15.58,2,1,3,3,3,3,3,3,3,3,2,2
12405069,10,16.25,2,1,3,2,3,3,3,2,2,3,3,2
12404821,10,16,2,1,2,3,3,3,3,3,3,3,1,2
12425473,10,15.67,2,1,3,3,3,3,3,3,3,3,2,2
12428117,10,15.5,2,1,2,3,3,3,3,3,2,3,2,2
12409672,10,16.17,2,1,2,4,4,3,1,3,1,3,1,1
12424775,10,16,2,999,999,999,999,999,999,999,999,999,999,999
12424113,10,15.92,2,3,4,3,4,3,4,3,3,3,2,2
12412027,10,16,2,1,4,3,3,3,4,4,4,4,2,2
12410774,10,15.33,1,2,4,4,4,4,4,4,4,4,2,2
12402323,10,16,1,1,2,3,3,3,2,3,3,3,1,2
12415022,10,16.17,1,1,3,3,2,2,2,2,2,2,2,2
12430788,10,15.5,1,1,3,3,3,3,3,3,3,4,1,2
12408887,10,15.42,1,1,2,3,3,3,2,3,1,2,2,2
12402951,10,15.92,1,1,3,3,4,4,3,4,4,4,2,3
12423230,10,16,1,1,3,3,3,3,3,3,3,3,2,2
12409167,10,15.5,1,3,3,3,4,4,3,4,4,4,4,4
12403395,10,15.5,1,1,3,3,3,2,3,3,3,3,3,2
12400193,10,15.58,1,3,3,3,3,3,2,3,3,3,3,2
12413039,10,15.75,1,1,2,4,4,3,3,3,3,3,2,2
12405831,10,16.08,2,1,4,3,3,3,4,3,3,4,2,2
12429423,10,16,2,999,999,999,999,999,999,999,999,999,999,999
12425376,10,15.75,2,2,3,3,3,3,3,4,3,4,2,2
12414853,10,16,2,1,3,3,3,3,4,3,3,3,2,2
12425453,10,16.08,2,2,3,2,3,3,3,3,3,3,2,2
12421450,10,15.5,2,1,4,4,3,4,4,4,4,4,1,2
12421283,10,16.17,2,2,3,999,2,3,4,4,4,4,3,3
12410586,10,15.5,2,1,4,4,2,3,3,3,3,4,2,2
12416991,10,15.67,2,2,3,3,3,3,2,3,2,3,2,2
12424247,10,15.58,2,1,3,3,3,3,3,3,3,3,1,2
12416011,10,15.58,2,1,3,3,2,3,3,3,3,3,2,2
12406727,10,15.83,2,1,3,3,3,3,3,3,3,3,2,2
12428556,10,15.67,2,2,4,3,3,3,4,3,4,4,2,1
12420384,10,16,2,1,3,2,3,3,3,3,3,3,2,2
12409864,11,16.17,1,1,4,4,3,3,3,4,4,4,2,2
12429736,11,16.25,2,1,2,3,3,3,3,3,2,3,2,2
12423713,9,15.42,1,1,3,3,3,3,2,3,3,3,2,2
12405257,9,15.42,2,1,3,3,3,3,3,3,3,3,2,2
12425928,9,15.5,2,1,2,2,2,2,3,1,4,3,4,4
12409674,9,15.5,2,1,3,2,2,2,3,3,3,3,2,2
12402469,9,15.67,2,1,4,4,4,4,4,4,4,4,2,1
12401667,9,15.42,2,1,3,3,3,3,3,3,4,4,2,1
12405243,10,15.83,1,1,3,4,3,4,3,3,3,2,3,3
12419928,10,16.08,1,1,3,3,3,3,2,3,2,3,2,2
12421179,10,16.33,1,1,2,3,3,3,3,3,3,3,2,2
12424214,10,15.42,1,1,3,3,3,4,4,3,3,2,2,2
12416683,10,16.08,1,1,3,3,3,2,4,3,3,3,3,2
12412726,10,15.92,1,1,4,3,3,3,4,4,4,4,2,2
12400239,10,16.08,1,1,3,3,3,4,3,4,3,3,3,2
12427815,10,16,1,1,3,3,3,3,3,3,3,3,2,2
12427041,10,15.58,1,1,4,4,4,4,4,4,4,4,2,2
12417975,10,16.17,1,1,2,3,3,3,3,2,2,3,2,2
12400986,10,16,1,999,3,3,3,3,3,3,3,3,2,2
12424071,10,15.5,1,1,3,3,3,3,3,3,3,3,2,2
12424966,10,16.08,1,1,3,3,3,3,3,3,3,3,2,2
12411604,10,15.42,2,1,2,3,3,3,2,3,2,3,2,2
12404387,10,15.58,2,1,1,2,1,1,1,1,1,1,4,4
12400654,10,15.5,2,2,4,3,3,3,3,3,4,3,2,2
12414298,10,15.83,2,1,1,1,1,1,1,1,1,1,1,1
12401318,10,15.83,2,1,2,2,2,2,2,2,2,2,2,2
12428914,10,16.33,2,1,1,3,1,1,1,1,1,2,2,2
12427362,10,16.08,2,1,1,3,3,3,2,3,2,3,2,2
12430304,10,15.42,2,1,3,3,3,3,3,3,3,3,2,2
12406902,10,16.25,2,999,3,2,2,3,3,3,3,3,4,3
12424875,10,16.33,2,1,2,3,3,3,2,3,3,3,2,2
12414464,10,15.5,2,1,4,4,4,4,4,4,4,4,4,4
12427150,10,15.67,2,1,3,3,3,3,3,3,3,999,2,2
12405860,10,15.42,2,1,3,3,3,3,3,3,3,3,2,2
12428643,10,16.17,2,1,2,3,2,2,1,1,2,3,2,3
12415802,10,15.67,2,1,2,3,1,2,1,2,2,3,1,1
12408646,10,15.75,2,1,2,2,2,3,3,2,2,3,1,2
12416758,10,15.58,1,1,3,3,3,2,3,3,3,3,3,2
12427967,10,16,1,1,999,999,999,999,999,999,999,999,999,999
12411544,10,15.75,1,999,999,999,999,999,999,999,999,999,999,999
12423371,10,15.42,1,1,3,2,3,3,3,3,3,3,3,2
12421813,10,16.08,1,1,4,3,2,3,3,3,3,2,2,2
12421838,10,16.08,1,1,2,3,3,3,2,3,2,3,3,2
12408848,10,16.17,1,1,3,3,3,3,3,3,3,3,2,2
12428170,10,15.5,1,1,3,3,3,2,4,3,999,999,3,3
12415869,10,15.75,1,1,999,999,999,999,999,999,999,999,999,999
12400614,10,16.25,1,1,3,4,3,3,2,3,3,3,1,2
12401011,10,16.33,1,999,2,3,3,3,3,3,3,3,2,2
12411195,10,15.5,1,1,2,3,3,3,3,3,3,3,2,2
12410461,10,15.83,2,1,3,3,3,3,3,3,3,3,2,2
12429937,10,16.17,2,1,4,3,2,2,2,3,2,3,2,2
12409618,10,16.33,2,1,3,3,3,3,3,3,3,3,2,2
12403236,10,15.83,2,1,2,3,2,3,3,3,2,3,1,2
12404485,10,15.58,2,1,3,3,3,3,3,3,3,3,2,2
12405959,10,16.25,2,1,3,3,3,4,3,3,3,3,2,2
12405657,10,16,2,1,4,4,4,4,4,4,999,4,2,2
12429601,10,15.92,2,1,1,3,3,3,2,3,2,3,2,2
12420405,10,16.33,2,1,3,3,3,3,3,3,3,3,2,2
12402548,10,16.25,2,1,3,3,2,999,4,4,3,4,3,3
12427834,10,15.75,2,1,3,3,3,3,3,3,3,3,2,2
12425623,10,16,2,1,2,3,3,2,3,3,2,3,2,2
12402168,10,15.67,2,3,3,3,3,3,3,3,3,3,2,2
12423062,10,16.17,2,1,4,2,2,3,3,3,3,3,1,1
12408362,9,15.33,1,1,2,3,3,3,3,3,1,3,3,2
12426956,9,15.5,1,1,3,4,4,4,4,4,4,4,999,2
12424721,9,15.67,1,3,2,3,3,2,4,3,4,4,3,2
12425950,9,15.33,1,1,3,3,3,3,3,3,3,3,2,2
12413493,9,15.33,2,1,2,3,3,3,3,3,3,3,2,2
12429846,9,15.67,2,1,3,3,3,3,3,3,3,999,2,2
12429858,9,15.5,2,1,3,2,3,3,3,2,3,4,2,2
12429619,9,15.67,2,3,3,3,4,4,3,4,3,4,1,2
12400188,9,15.58,2,1,3,2,4,3,3,3,4,4,3,2
12422721,9,16,2,3,3,3,3,3,3,3,3,3,2,2
12408918,9,15.58,2,1,4,2,4,4,4,4,4,4,1,1
12401614,9,15.5,2,3,1,4,3,2,1,2,1,1,1,2
12412306,9,15.83,2,1,3,4,4,4,4,4,4,4,999,2
12401513,9,15.42,1,1,3,3,3,3,3,3,4,3,2,2
12430134,9,15.5,1,1,4,3,3,4,4,4,3,4,2,2
12414584,9,15.67,1,1,3,4,3,3,2,3,3,3,2,2
12424994,9,15.67,2,999,999,999,999,999,999,999,999,999,999,999
12400626,10,16,1,1,3,3,3,3,3,2,3,3,2,2
12402241,10,15.58,1,1,1,4,4,4,3,3,2,4,2,2
12417963,10,15.5,1,1,1,3,3,3,3,3,2,3,1,2
12421998,10,16,1,1,3,3,4,3,3,3,3,4,2,2
12417502,10,16.25,1,1,2,4,3,4,3,4,2,3,2,2
12403393,10,15.92,1,1,3,3,4,4,3,4,4,4,2,2
12426932,10,16.17,1,1,3,3,3,3,3,3,3,3,3,2
12407282,10,15.5,1,1,1,2,3,3,2,3,1,2,4,3
12418730,10,15.92,2,1,3,3,3,3,4,2,3,3,2,2
12426794,10,15.92,2,1,1,3,2,1,2,3,1,1,4,2
12409173,10,16.25,2,999,999,999,999,999,999,999,999,999,999,999
12408669,10,15.92,2,1,1,1,2,3,2,1,1,1,2,2
12422914,10,16.17,2,999,999,999,999,999,999,999,999,999,999,999
12406300,10,15.83,2,1,4,3,3,3,4,4,4,4,1,1
12426528,10,16.33,2,1,1,3,2,3,2,3,1,1,3,2
12427179,10,16,2,1,2,3,3,3,2,3,3,2,3,2
12414020,9,15.42,1,1,2,3,3,3,3,3,2,2,2,2
12417658,10,15.75,1,3,3,4,3,3,3,3,4,3,2,1
12423460,10,16.08,1,1,3,3,3,3,3,4,3,3,2,999
12408452,10,15.83,1,2,2,3,2,2,3,3,2,3,2,2
12425283,10,15.58,1,1,4,4,4,3,4,4,4,4,2,1
12417548,10,15.58,1,3,3,4,3,3,4,4,4,4,2,2
12409035,10,15.75,1,3,2,3,4,3,3,3,2,3,2,2
12411101,10,15.58,1,2,2,3,3,2,2,4,3,3,3,2
12409787,10,15.67,1,2,2,3,3,3,3,2,3,3,3,2
12406370,10,16,1,1,2,3,3,3,2,3,2,3,3,2
12402032,10,15.83,1,1,3,4,4,4,4,4,2,4,1,1
12405071,10,15.5,1,1,2,3,3,4,2,4,1,3,2,2
12416710,10,15.75,1,1,3,3,4,4,4,3,4,4,1,1
12430512,10,15.83,1,1,3,4,4,4,3,3,2,4,4,2
12413877,10,15.92,1,1,2,3,3,3,3,3,2,3,3,2
12413794,10,15.58,1,1,3,3,3,2,3,2,3,3,2,2
12409558,10,16,1,1,3,4,4,4,3,3,3,3,3,3
12423093,10,15.83,1,1,2,3,3,3,3,3,3,3,2,2
12421909,10,15.83,1,1,3,3,4,4,3,3,2,4,2,2
12419366,10,15.92,2,3,3,3,4,4,4,4,3,3,3,2
12425723,10,15.67,2,1,4,4,3,3,3,3,2,4,2,2
12422440,10,15.5,2,1,3,3,3,3,3,3,3,3,1,1
12403558,10,16.33,2,1,1,3,2,3,2,4,3,2,1,1
12404009,10,16.08,2,1,4,3,4,4,3,2,3,4,2,2
12424809,10,15.42,2,1,3,3,3,3,3,3,3,3,2,2
12416925,10,16.33,2,1,3,3,3,3,2,3,2,3,2,2
12411453,10,15.67,2,3,3,3,3,3,3,4,3,3,2,2
12425000,10,16.33,2,1,3,3,3,3,3,3,3,3,2,2
12408035,10,15.5,2,1,3,4,4,4,3,3,3,3,2,1
12424262,10,16.08,2,1,4,3,3,3,4,3,3,4,2,2
12421737,11,16.25,2,2,4,4,4,4,3,4,3,4,2,2
12407888,11,16.33,2,2,3,4,4,3,3,3,3,4,2,2
12419284,10,15.42,1,1,2,3,2,2,2,3,2,2,3,2
12417022,10,15.75,1,1,3,3,2,2,2,2,2,2,3,3
12423158,10,15.42,1,1,2,3,3,3,3,3,2,3,2,2
12419944,10,16,1,1,4,4,3,4,4,4,4,4,2,2
12420383,10,15.58,1,1,2,4,3,3,2,3,2,3,2,2
12419914,10,15.58,1,1,4,4,4,4,4,4,4,4,1,1
12424078,10,16.25,1,1,3,3,4,3,2,4,3,3,2,2
12430209,10,15.83,1,1,2,2,3,3,2,3,2,3,2,2
12410375,10,15.75,1,1,4,2,3,2,3,3,3,2,2,1
12424179,10,16.17,1,1,2,2,3,3,3,3,2,3,2,4
12402290,10,15.42,1,1,3,3,3,3,3,3,3,3,2,2
12412769,10,16.08,1,1,4,2,2,3,4,4,4,4,1,1
12423312,10,15.67,1,1,2,3,3,3,2,4,2,3,3,3
12428533,10,16.33,1,1,3,3,3,3,3,3,3,3,2,2
12410610,10,15.5,1,1,3,3,3,3,1,4,3,4,2,2
12421885,10,15.67,2,1,4,3,2,3,3,3,3,3,2,2
12417901,10,15.75,2,1,4,3,3,3,3,3,2,3,2,2
12411034,10,16,2,1,3,2,3,3,3,3,3,3,2,2
12424901,10,16.08,2,1,4,4,4,2,4,4,4,4,1,1
12424729,10,16.17,2,1,3,3,3,3,3,3,2,3,3,2
12415327,10,16.25,2,999,999,999,999,999,999,999,999,999,999,999
12428605,10,16.08,2,1,3,4,4,4,3,3,3,4,4,4
12410839,10,15.83,2,2,3,4,4,4,3,4,4,4,1,1
12416666,10,16.25,2,1,3,2,3,3,3,2,2,3,2,2
12429741,10,16.08,2,1,4,2,3,3,4,3,4,4,2,2
12413557,10,16.08,2,1,4,3,3,3,4,3,4,4,2,2
12417934,10,16.25,2,1,3,3,3,3,3,3,3,3,2,2
12413750,11,16,1,1,3,3,3,3,3,3,3,3,2,2
12407896,11,16.25,2,1,1,3,3,3,2,3,2,3,2,2
12411846,10,15.83,1,1,3,3,3,3,3,3,3,3,2,2
12410674,10,15.67,1,1,3,3,3,3,3,3,3,3,4,4
12401117,10,16.17,1,1,4,4,4,4,4,4,4,4,1,1
12429932,10,15.67,1,1,1,3,3,2,2,2,1,2,4,3
12408350,10,16.33,1,1,4,3,3,3,3,3,3,3,3,2
12419352,10,15.75,1,1,2,3,3,3,3,3,2,2,2,2
12400066,10,15.92,1,1,2,4,3,3,2,3,3,3,2,2
12415520,10,15.92,1,1,3,3,3,3,3,3,3,3,2,2
12400320,10,16.17,2,1,3,4,4,4,4,4,2,4,1,1
12418435,10,16.25,2,1,3,2,3,3,3,3,2,3,3,4
12419373,10,15.83,2,1,2,4,4,4,4,4,4,4,4,4
12411719,10,16.08,2,1,2,4,2,3,2,3,2,3,1,1
12418197,10,15.75,2,1,4,4,3,3,3,4,3,3,1,1
12416463,10,16.17,2,1,3,4,3,3,3,3,3,3,1,2
12418939,10,16.33,2,1,2,3,3,3,3,3,2,3,2,1
12429247,11,16.25,1,1,1,3,3,3,1,2,1,3,4,4
12426026,11,16.33,2,1,2,3,3,3,3,3,3,3,2,2
12414314,11,16.33,2,1,2,3,2,2,2,2,2,2,2,3
12424251,11,16.33,2,1,3,2,3,3,4,3,3,3,3,2
12408698,9,15.42,2,3,1,3,4,3,3,3,3,3,3,2
12417733,10,16.08,1,1,3,3,4,3,3,3,4,4,1,1
12418351,10,16.17,1,1,3,4,4,4,3,4,3,4,1,1
12415340,10,16.25,1,1,2,3,3,4,2,4,3,4,2,1
12424536,10,16.33,1,1,4,4,4,4,3,3,3,4,1,1
12411190,10,16.25,1,1,2,3,3,3,3,999,2,3,3,2
12405952,10,16,1,1,2,3,3,3,2,3,2,3,3,2
12412564,10,15.67,2,1,3,3,3,3,2,3,3,3,1,2
12424324,10,16,2,1,4,2,3,3,3,2,3,3,2,2
12407034,10,15.92,2,1,3,3,3,3,3,3,3,4,2,2
12409174,9,15.33,1,2,3,3,4,3,3,3,4,4,1,1
12407760,9,15.42,1,1,3,3,3,3,3,4,3,3,2,2
12425169,9,15.33,1,1,2,3,3,3,3,3,3,3,3,3
12408372,9,15.33,1,1,3,4,3,3,4,3,4,4,2,2
12423432,9,15.42,1,3,4,4,3,3,3,3,3,3,2,2
12416493,9,16,1,1,2,3,3,3,3,3,2,3,3,2
12409847,9,15.58,1,1,1,3,3,3,2,3,2,3,3,3
12417766,9,15.33,2,1,3,2,3,3,3,3,3,3,2,2
12413903,9,15.42,2,1,3,3,3,3,3,3,3,3,2,2
12420090,9,15.33,2,1,2,3,3,3,2,3,2,2,3,2
12426669,9,15.33,2,1,1,3,4,3,3,3,2,4,3,3
12428140,9,15.33,2,1,3,4,3,3,3,3,3,3,4,4
12400331,9,15.58,2,1,3,2,3,3,2,3,3,4,2,1
12425865,9,15.5,2,3,2,3,3,3,3,3,2,3,2,2
12400007,10,15.5,1,1,2,3,4,4,3,3,4,4,3,2
12424903,10,15.67,1,1,2,3,3,3,3,3,3,3,2,2
12415365,10,15.58,1,3,2,3,3,3,3,3,3,3,2,2
12406135,10,15.75,1,1,3,3,3,3,3,3,3,3,2,2
12404992,10,15.42,1,1,2,3,3,3,2,3,2,3,3,2
12409320,10,15.83,1,1,3,3,1,2,3,3,3,3,2,2
12408232,10,15.33,1,1,1,3,3,3,1,3,1,3,3,2
12405058,10,15.75,1,1,3,4,3,3,2,3,2,3,2,2
12423841,10,16.08,1,999,3,2,2,3,3,3,3,3,3,2
12418264,10,15.75,2,1,2,3,3,3,2,3,3,3,2,2
12424085,10,15.67,2,1,4,4,4,4,4,4,4,4,2,2
12426939,10,16,2,2,1,3,3,3,1,3,1,2,2,2
12428850,10,16.17,2,3,3,3,3,3,3,3,3,3,3,3
12419336,10,15.58,2,3,3,3,3,3,3,3,3,3,2,2
12430789,10,15.33,2,1,3,3,3,2,2,3,2,3,2,2
12427790,10,15.83,2,1,3,3,3,3,3,3,3,4,2,1
12428152,10,15.83,2,1,4,3,3,3,4,4,4,4,1,1
12424838,10,15.42,2,1,4,4,4,4,4,4,4,4,2,2
12428217,10,15.92,2,1,3,2,3,3,3,3,3,3,3,2
12420178,9,15.58,1,3,3,3,3,3,3,3,3,3,2,2
12417231,9,16.17,2,1,2,3,3,3,2,3,3,1,2,2
12404792,9,15.67,2,1,3,3,4,3,4,3,4,3,2,2
12410915,9,15.67,1,1,2,4,4,4,3,4,3,4,3,2
12427202,9,15.67,1,3,4,3,3,3,4,3,4,4,2,2
12422844,9,15.92,2,1,2,3,3,2,2,3,3,2,2,1
12408110,9,16.17,2,1,3,4,3,3,3,3,2,2,1,1
12404196,10,16.08,1,1,3,3,3,3,2,3,2,3,1,1
12422918,10,15.58,1,1,1,3,1,3,2,3,1,1,2,2
12410165,10,15.58,1,1,3,3,3,3,4,3,4,3,2,999
12416911,10,16.25,1,1,3,3,4,3,3,4,2,3,1,1
12412328,10,15.83,1,1,3,3,2,2,2,2,3,3,2,2
12426841,10,15.75,1,1,1,3,3,3,3,3,1,1,2,2
12408449,10,15.42,1,1,2,2,3,3,1,3,1,2,2,2
12401591,10,15.92,1,1,4,3,2,3,3,3,3,3,2,2
12401620,10,16,1,1,2,4,3,3,2,3,2,3,2,2
12409834,10,16.08,1,1,2,3,2,3,2,3,2,2,2,2
12421668,10,15.75,1,1,3,3,3,3,3,3,3,3,2,2
12415506,10,16,1,1,1,3,4,4,2,4,3,3,1,2
12412941,10,16.08,1,1,3,3,3,3,3,2,2,3,2,2
12422358,10,15.92,1,3,3,3,3,3,3,3,3,3,2,2
12426834,10,15.75,2,1,2,4,3,2,4,3,4,3,2,2
12419594,10,16.08,2,1,3,3,3,3,2,3,3,3,3,2
12401624,10,16.08,2,1,3,3,3,3,3,3,3,3,2,2
12418980,10,15.42,2,3,3,3,2,2,4,2,1,3,2,2
12407310,10,16.33,2,1,3,4,2,2,3,3,3,3,1,1
12419552,10,16.17,2,1,4,999,4,4,4,4,4,4,1,1
12422176,10,15.75,2,1,3,4,3,1,2,3,2,3,2,3
12429956,10,15.92,2,3,3,3,3,3,2,3,3,3,3,2
12402227,10,15.5,2,1,4,2,3,3,3,3,3,3,2,2
12426814,10,16.17,2,1,3,3,3,3,4,3,4,4,2,3
12415205,10,16.33,2,1,3,3,3,3,2,3,3,3,1,4
12423659,10,15.5,2,1,3,3,3,4,3,3,3,4,1,1
12429673,10,16.33,2,1,3,3,3,3,3,3,3,3,2,2
12416815,10,16.08,2,1,3,2,3,3,3,3,2,3,1,2
12411577,10,16.08,2,1,3,3,3,3,3,3,3,3,2,2
12419526,10,16.17,1,1,2,4,3,3,3,3,3,2,2,2
12419027,10,15.67,2,1,3,4,4,4,4,4,4,4,1,1
12409070,10,16.08,1,1,2,3,3,3,3,3,2,2,2,2
12403136,10,15.58,1,1,3,3,3,3,3,4,2,2,3,3
12405277,10,15.75,1,3,3,3,3,3,3,3,3,3,2,2
12402660,10,15.83,1,3,2,3,3,2,2,4,3,3,1,1
12411013,10,15.58,1,1,4,4,4,4,4,3,4,4,1,2
12412804,10,15.75,2,1,4,2,4,3,4,3,4,4,2,2
12413611,10,15.75,2,1,1,3,3,3,3,3,1,1,4,4
12410464,9,15.5,1,3,4,3,3,3,3,2,2,2,2,2
12407276,9,15.5,2,1,3,3,3,3,2,3,2,3,2,2
12416073,9,15.33,1,1,3,4,3,4,2,3,1,3,2,2
12423878,9,15.33,1,1,3,3,3,3,4,4,2,3,2,2
12422868,9,15.42,2,1,3,3,4,3,2,4,3,3,2,2
12413008,10,15.58,1,1,3,3,3,3,3,3,3,3,2,2
12424264,10,15.92,1,3,4,4,4,4,4,4,4,4,1,1
12400457,10,16,1,1,3,3,3,3,3,3,3,3,3,2
12427857,10,15.67,1,1,4,3,3,3,4,3,4,4,2,2
12427051,10,15.92,1,2,2,4,4,3,3,4,2,3,3,2
12403479,10,15.83,1,2,2,3,3,3,3,3,2,2,3,2
12423299,10,15.67,1,2,2,3,4,4,2,3,2,4,2,2
12406220,10,15.67,1,1,3,2,4,4,4,4,4,4,1,1
12406886,10,16.08,1,3,3,4,4,4,3,4,2,3,1,2
12427566,10,15.33,1,2,3,4,4,4,4,4,4,4,1,1
12426878,10,16.25,1,1,3,3,3,3,3,3,3,3,2,2
12417045,10,16.08,1,1,3,4,4,4,3,3,3,3,1,1
12400761,10,15.33,1,1,3,3,3,3,4,4,4,4,2,1
12416954,10,15.67,1,3,3,3,3,3,4,3,3,3,1,1
12424688,10,15.33,1,1,4,4,4,4,4,4,4,4,2,2
12407199,10,15.33,2,2,3,4,2,4,3,4,3,4,1,2
12415465,10,15.75,2,1,4,4,4,4,4,4,4,4,1,1
12410541,10,16.25,2,1,3,3,3,3,3,3,3,3,2,2
12413801,10,15.83,2,1,2,3,3,3,3,3,2,2,3,2
12400594,10,16.08,2,3,4,4,4,4,4,4,4,4,1,2
12412622,10,15.83,2,1,4,4,4,3,4,3,3,4,1,2
12422968,10,16.17,2,1,3,3,3,3,3,3,2,3,2,2
12428872,10,16.17,2,1,3,4,2,3,2,4,3,3,1,1
12407364,10,15.33,2,1,2,4,3,3,2,4,3,3,2,2
12411906,10,15.83,2,3,3,3,4,4,4,3,3,4,2,2
12414149,10,15.67,2,1,4,3,4,4,4,4,4,4,4,4
12413371,10,15.33,2,999,2,4,4,4,3,4,2,4,1,2
12403206,11,16.17,1,3,2,3,4,3,2,3,1,3,1,1
12405705,11,16.25,2,1,2,3,3,3,3,3,3,2,2,2
12412299,10,16.08,1,3,3,3,3,2,3,3,3,3,2,2
12407215,10,15.75,1,3,4,4,3,4,3,4,4,4,2,2
12406204,10,15.75,1,3,3,3,3,3,3,3,2,3,2,2
12421672,10,15.67,1,1,3,3,3,3,3,3,3,3,2,2
12416572,10,15.42,1,2,3,3,3,3,3,3,3,3,2,2
12400561,10,15.58,1,2,4,4,4,4,4,4,4,4,1,1
12423827,10,15.42,1,1,3,3,3,3,3,3,3,3,2,2
12403986,10,15.67,1,2,3,3,4,4,3,4,4,3,2,2
12407655,10,15.58,1,1,2,3,3,3,2,3,3,3,3,2
12418686,10,15.5,1,1,2,3,3,4,4,4,3,4,2,3
12419378,10,15.33,1,1,3,3,3,3,3,3,3,3,2,2
12401916,10,16.17,1,3,4,3,3,3,3,3,3,3,2,3
12406747,10,15.58,1,2,2,4,3,3,2,4,2,3,1,2
12403196,10,15.83,1,3,3,3,2,2,2,2,2,4,1,1
12425215,10,16,1,2,4,4,3,3,4,4,4,4,2,1
12423753,10,15.42,1,2,3,3,3,3,3,3,3,3,2,2
12417367,10,15.75,2,3,4,4,4,4,4,4,4,4,2,2
12402716,10,15.58,2,3,2,3,3,4,3,3,3,3,2,1
12416222,10,16.17,2,2,2,3,3,3,4,4,2,4,4,3
12425280,10,15.58,2,1,3,3,4,4,3,4,4,3,1,1
12421996,10,15.92,2,3,3,2,2,3,3,3,3,4,1,2
12427343,10,15.83,2,1,2,3,4,4,3,4,2,3,2,2
12426606,10,15.67,2,3,3,3,3,3,3,3,3,3,3,3
12430135,10,15.75,2,1,3,3,3,3,3,3,3,3,2,2
12429746,10,16,2,3,3,3,3,3,3,3,3,3,2,2
12419229,10,15.92,2,2,3,3,3,2,2,3,3,4,1,1
12405867,10,15.92,2,2,3,3,3,3,3,3,3,3,1,1
12409253,10,15.58,2,2,3,3,3,2,3,3,3,3,2,2
12423660,10,15.75,2,2,3,4,4,4,4,4,4,4,4,4
12427978,10,16,2,1,2,3,3,3,2,3,2,3,2,2
12416987,11,16.17,1,3,3,3,3,3,3,3,3,3,2,2
12421323,11,16.17,2,1,3,4,3,3,3,3,3,3,2,2
12407596,10,15.75,1,1,4,3,3,3,2,3,4,4,2,2
12426835,10,15.42,1,1,2,3,3,2,3,3,3,3,3,2
12425670,10,16.17,1,3,3,999,3,3,3,3,3,4,2,2
12409676,10,15.58,1,1,3,3,3,3,4,3,4,4,2,2
12412401,10,15.75,1,3,3,2,3,2,3,2,3,3,4,4
12405232,10,15.33,1,1,4,3,2,3,3,3,3,4,999,3
12409067,10,15.67,1,1,3,3,3,3,2,3,3,3,2,3
12426726,10,16,1,2,3,3,3,3,3,3,3,3,1,2
12404383,10,16,1,3,1,2,3,3,3,4,2,3,2,2
12402773,10,16,1,1,3,3,3,3,3,3,3,3,1,1
12416143,10,15.67,1,2,2,3,3,3,3,4,2,3,2,2
12410783,10,15.42,1,1,1,3,3,3,1,3,1,2,4,2
12429859,10,16,2,999,999,999,999,999,999,999,999,999,999,999
12408560,10,15.83,2,1,2,3,3,3,3,4,1,3,2,2
12419583,10,15.42,2,1,3,4,3,3,3,4,4,3,3,2
12410280,10,15.42,2,3,4,3,4,4,4,4,4,4,1,2
12425050,10,15.75,2,3,3,3,2,2,3,3,3,2,3,3
12404862,10,15.5,2,1,2,3,3,3,3,3,3,3,3,3
12404464,10,16.25,2,999,999,999,999,999,999,999,999,999,999,999
12413068,10,15.5,2,3,4,3,3,3,4,3,4,4,1,2
12401698,10,15.42,2,1,4,4,4,3,4,3,4,4,3,2
12400041,11,16.17,1,2,4,3,3,3,2,3,3,4,2,2
12404732,11,16.25,2,1,3,3,3,3,3,3,3,3,2,2
12424368,9,15.67,1,999,2,3,3,3,3,3,3,3,2,2
12427662,9,15.42,2,1,2,3,3,3,3,3,3,3,2,2
12406175,9,15.5,2,3,3,3,3,3,3,3,3,3,2,2
12426408,9,15.42,2,1,2,2,3,3,1,1,3,3,2,2
12402242,10,15.67,1,1,4,3,3,3,3,3,3,4,2,1
12403552,10,15.83,1,1,3,3,2,3,2,2,3,3,2,2
12427191,10,15.83,1,1,4,3,3,3,3,3,3,3,2,2
12416062,10,16.08,1,1,2,3,4,4,3,4,3,3,3,2
12411164,10,16.08,1,1,1,3,3,3,3,3,3,3,2,2
12416981,10,15.5,1,1,3,4,2,3,3,3,2,3,3,2
12402891,10,15.75,1,1,2,4,4,4,2,2,2,4,2,2
12424576,10,15.5,1,3,3,4,3,3,3,4,3,3,2,2
12408595,10,16,1,1,3,3,3,3,3,3,3,3,2,2
12422227,10,15.75,1,1,2,3,3,3,2,3,3,3,2,2
12425481,10,16.33,1,1,3,3,3,3,3,2,3,3,2,2
12425873,10,16.33,1,1,2,4,3,4,2,4,2,3,2,2
12423292,10,15.58,2,1,3,3,3,3,4,3,3,3,2,2
12422316,10,15.5,2,1,3,2,2,2,3,2,3,3,4,4
12427921,10,16.17,2,1,2,3,3,3,2,3,2,2,2,2
12422224,10,16.08,2,1,3,3,3,3,3,4,1,3,2,1
12415349,10,15.58,2,999,2,3,1,3,2,3,2,3,2,2
12401529,10,15.42,2,1,3,3,4,4,3,3,3,3,3,2
12419686,10,16,2,1,1,3,2,2,2,3,2,2,3,2
12413185,10,16.08,2,1,999,999,999,999,999,999,999,999,999,999
12404628,10,15.83,2,1,2,4,1,3,4,4,2,2,3,2
12430159,10,16.25,2,1,3,3,3,3,3,3,4,4,4,4
12402025,10,16.17,2,1,4,4,4,4,4,4,4,4,1,2
12429809,10,15.42,2,1,3,4,4,4,4,4,4,4,4,4
12407727,10,15.83,2,1,1,1,1,1,1,1,1,1,2,4
12414857,10,15.58,2,1,3,3,3,3,3,3,2,3,3,2
12407403,10,15.75,2,1,999,999,999,999,999,999,999,999,2,1
12420553,10,16.08,2,1,3,3,3,3,3,3,3,3,4,3
12428410,10,15.83,1,1,2,4,4,3,3,3,2,3,3,3
12406776,10,15.67,1,3,4,3,4,4,4,4,4,4,2,2
12415497,10,15.92,1,2,3,4,4,4,4,4,4,4,1,1
12426831,10,16,1,2,3,3,4,4,4,4,4,4,2,2
12420639,10,15.67,1,999,999,999,999,999,999,999,999,999,999,999
12420310,10,15.83,1,1,3,3,4,3,2,3,2,3,2,2
12411084,10,15.42,1,3,4,4,4,4,4,4,4,4,1,1
12406717,10,15.83,1,1,1,3,3,3,3,3,3,3,2,2
12420418,10,15.92,1,2,4,3,3,3,3,4,3,4,2,2
12419248,10,16,1,2,3,3,3,3,4,3,4,3,2,2
12425546,10,16.17,1,999,999,999,999,999,999,999,999,999,999,999
12419821,10,15.83,1,2,4,3,4,3,3,3,3,3,2,2
12425683,10,16.17,1,3,3,3,3,3,3,3,3,3,2,2
12405117,10,15.67,2,3,3,3,4,4,3,4,4,4,2,2
12400451,10,15.92,2,3,3,3,4,3,4,3,2,3,2,2
12421213,10,16.17,2,1,2,2,2,2,2,3,2,2,4,4
12408167,10,15.92,2,1,3,3,3,3,3,3,3,3,3,2
12401687,10,15.67,2,3,2,4,4,3,2,3,2,2,2,2
12429271,10,16.17,2,3,2,3,2,2,3,3,4,3,1,2
12427449,10,15.42,2,1,3,3,3,2,2,1,1,2,2,2
12401722,10,16.17,2,3,3,3,3,3,3,3,3,3,3,2
12417591,10,16,2,1,2,3,3,3,3,3,3,3,3,1
12400399,10,15.75,2,1,3,3,3,3,3,3,3,3,2,2
12404916,10,15.5,2,2,3,3,3,3,3,3,3,3,2,2
12419041,10,16,2,2,3,2,3,3,3,3,3,3,2,2
12412524,10,16.33,2,3,1,2,2,2,2,2,2,2,3,2
12410140,10,15.83,2,2,2,3,3,3,3,3,3,3,2,2
12409192,10,15.67,2,2,3,2,3,3,1,1,1,2,3,2
12409335,10,15.92,2,1,1,4,3,1,1,1,1,1,1,1
12408056,10,15.5,2,3,4,2,3,2,3,4,2,3,2,3
12404531,11,16.33,1,1,3,2,3,3,3,3,3,3,2,2
12409690,11,16.33,2,3,3,3,2,3,2,2,3,3,2,2
12409331,10,16.17,1,2,3,2,3,3,2,3,3,3,2,2
12405769,10,16,1,2,3,4,4,3,4,3,3,3,2,2
12400633,10,15.58,1,1,3,2,3,3,3,3,3,3,2,2
12425460,10,16.17,1,2,2,3,3,3,3,3,3,4,2,2
12419797,10,15.75,1,1,4,4,4,4,4,4,4,4,1,1
12400250,10,16.17,1,3,2,4,3,3,3,4,4,3,2,2
12416502,10,15.42,1,1,3,3,4,3,3,4,3,3,2,2
12428128,10,15.58,1,2,2,3,4,2,3,3,3,3,2,2
12412099,10,15.58,2,999,4,4,4,4,4,4,4,4,2,2
12419646,10,15.75,2,2,4,3,3,3,3,3,3,4,1,1
12423556,10,15.83,2,1,4,4,4,4,4,4,4,4,1,1
12408432,10,15.92,2,1,4,4,4,4,3,4,4,4,2,1
12404537,10,16.17,2,2,1,4,3,4,2,3,3,3,2,2
12402297,10,15.58,2,1,4,4,4,4,4,4,4,4,1,1
12419355,10,16,2,2,2,3,3,3,3,3,3,3,2,2
12412425,10,15.75,2,2,4,3,1,1,3,3,3,3,1,1
12420248,10,15.42,2,1,3,999,3,3,3,3,3,4,3,999
12424910,10,16.25,2,2,3,3,3,3,4,3,3,3,2,2
12404148,10,15.5,2,2,4,3,3,3,2,4,4,3,2,3
12422359,10,15.67,2,2,4,4,4,4,4,4,4,4,1,1
12429081,10,16.17,2,1,2,3,3,3,2,3,2,3,2,2
12408440,10,16.08,2,2,2,3,3,3,1,3,2,3,3,2
12406192,11,16.33,1,3,4,3,3,2,4,4,4,3,3,2
12412373,11,16.25,1,2,3,3,3,3,3,3,3,3,2,2
12420866,11,16.33,2,1,3,3,3,3,3,3,3,3,2,2
12414237,9,15.33,1,1,2,4,4,3,3,3,3,3,2,1
12419393,9,15.42,1,999,999,999,999,999,999,999,999,999,999,999
12412705,9,15.5,2,1,3,3,3,3,3,4,3,3,2,2
12429147,10,15.67,1,1,3,3,3,3,4,4,4,4,3,2
12403571,10,15.92,1,1,3,3,3,3,3,2,3,3,1,1
12400540,10,15.67,1,1,2,3,3,3,3,3,3,3,2,2
12422030,10,15.83,1,3,2,4,4,4,3,4,4,4,2,2
12400013,10,15.83,1,1,4,3,3,3,4,3,2,4,3,2
12426773,10,15.83,1,1,3,4,4,3,3,3,3,4,3,3
12425936,10,15.5,1,999,999,999,999,999,999,999,999,999,999,999
12427821,10,15.92,1,1,4,3,3,3,3,3,3,3,3,2
12400455,10,15.92,2,1,3,3,3,3,3,3,3,4,2,2
12400174,10,15.83,2,3,4,3,4,4,4,4,4,4,2,1
12411749,10,15.5,2,1,3,3,4,3,3,3,4,3,2,2
12412649,10,15.67,2,1,3,3,3,3,3,3,3,3,2,2
12419754,10,15.67,2,1,2,2,3,3,2,3,2,3,2,2
12427222,10,15.67,2,999,999,999,999,999,999,999,999,999,999,999
12402496,10,15.75,2,999,999,999,999,999,999,999,999,999,999,999
12413855,10,15.67,2,1,2,4,3,3,3,3,4,4,2,1
12410169,10,15.67,2,1,4,3,3,3,4,4,4,4,3,3
12407205,10,15.58,2,1,3,3,3,3,3,3,3,3,2,2
12428080,10,15.5,2,1,2,3,2,2,2,2,2,2,2,2
12421242,10,15.33,2,1,2,3,3,3,2,3,2,2,2,2
12420379,10,15.5,2,999,999,999,999,999,999,999,999,999,999,999
12413027,10,15.33,1,1,2,3,3,2,2,2,2,2,3,3
12402311,10,15.67,1,3,2,2,3,2,3,3,2,3,1,1
12406403,10,15.5,1,2,3,3,3,3,3,3,3,3,2,2
12422883,10,15.92,1,1,3,3,3,3,4,4,4,3,2,2
12412057,10,15.92,1,1,3,4,3,3,3,3,3,4,2,2
12404466,10,16.08,1,1,2,3,3,3,3,3,2,3,4,1
12403025,10,15.83,1,1,3,3,3,3,4,4,3,4,2,2
12414329,10,15.92,1,3,3,3,3,4,3,4,3,3,1,1
12430749,10,16,1,1,3,3,2,3,3,3,3,3,2,2
12420596,10,15.42,1,2,2,3,3,2,3,3,2,3,3,3
12410707,10,15.67,1,2,3,3,4,4,3,4,2,4,1,1
12428352,10,15.5,1,3,3,3,3,4,3,4,4,3,3,2
12412534,10,15.5,2,1,3,3,3,3,4,3,3,3,1,2
12423142,10,16,2,2,3,3,4,4,4,4,4,4,2,2
12407471,10,15.5,2,1,3,4,3,3,2,2,2,4,1,2
12425107,10,15.83,2,3,2,3,2,1,1,1,1,3,4,3
12405487,10,15.33,2,2,3,3,3,3,4,3,3,3,2,2
12411134,10,15.58,2,3,3,3,3,3,3,3,3,3,3,1
12411518,10,15.33,2,3,3,4,4,3,3,3,3,3,2,2
12428017,10,15.42,2,1,3,4,2,1,2,3,3,2,1,1
12423795,10,16.08,2,1,1,3,3,3,2,1,1,1,3,2
12400253,10,16.08,2,1,2,4,3,3,3,3,2,3,2,2
12426702,10,16.08,2,1,3,3,2,2,2,2,2,2,2,3
12423106,10,15.5,2,3,3,3,4,3,3,3,3,3,2,4
12422335,10,15.75,2,3,3,3,3,3,3,3,3,3,3,2
12413094,10,15.58,2,1,2,3,1,2,2,3,2,2,2,2
12412063,11,16.17,1,2,1,3,3,3,2,3,1,3,1,2
12429022,11,16.25,2,3,3,3,3,3,3,3,3,3,2,2
12407188,10,15.42,1,1,3,2,3,3,2,4,3,3,2,2
12401859,10,16.25,1,1,3,2,3,3,3,3,3,3,1,1
12404872,10,15.67,1,1,3,2,3,3,3,2,3,2,3,2
12411884,10,15.75,1,1,3,3,3,3,3,3,2,3,2,2
12412932,10,16.25,1,1,999,999,999,999,999,999,999,999,999,999
12406625,10,15.58,1,1,4,3,4,4,4,4,4,4,1,2
12412160,10,15.92,1,1,2,3,3,3,2,3,2,2,2,2
12415615,10,15.75,1,1,3,3,1,1,2,2,3,2,3,2
12409368,10,16.08,2,1,4,4,4,4,4,4,4,4,1,1
12421439,10,15.75,2,1,4,3,4,3,4,3,4,4,2,2
12420558,10,16.08,2,1,3,3,3,3,2,3,4,3,3,2
12418471,10,15.75,2,1,4,2,2,2,4,2,4,4,2,2
12409549,10,16.17,2,1,1,3,3,3,2,3,1,2,3,3
12418863,10,16,2,1,2,3,3,3,2,3,2,3,3,2
12400894,10,16.17,2,1,4,4,3,3,3,2,2,4,4,4
12404902,10,16.08,2,1,4,3,3,3,4,3,4,4,1,2
12401934,9,15.75,2,1,3,3,3,3,3,3,3,3,2,2
12424328,9,15.58,2,1,1,3,4,3,3,3,1,2,2,2
12429292,9,15.42,2,3,3,3,3,3,3,3,3,3,3,2
12429918,9,15.67,2,1,3,2,3,3,2,3,2,3,2,2
12403848,10,16.25,1,1,3,4,4,4,2,4,3,3,3,2
12428187,10,16.25,1,1,3,3,3,4,4,4,2,3,2,1
12419635,10,16.17,1,999,3,3,3,3,3,3,3,3,2,2
12413942,10,15.5,1,1,2,4,4,4,3,4,1,4,3,2
12421066,10,15.83,1,1,2,3,4,3,4,3,2,3,1,2
12405840,10,15.92,1,1,1,3,3,3,2,4,2,2,3,3
12430250,10,16.17,1,1,4,4,4,4,3,4,4,3,2,1
12402624,10,15.42,1,2,3,3,3,3,4,3,4,4,2,2
12400984,10,16.33,1,1,3,3,3,2,3,3,3,3,2,2
12427681,10,15.58,1,2,3,4,4,4,3,4,3,4,3,3
12428842,10,15.67,1,1,2,3,3,2,3,2,2,3,2,2
12425796,10,16.33,1,1,3,3,4,3,3,4,3,2,3,1
12408228,10,16.33,1,1,3,3,3,3,3,3,2,3,1,1
12427525,10,15.75,1,1,2,3,3,3,2,2,2,3,1,1
12417332,10,15.83,1,1,2,3,3,3,2,3,2,3,1,2
12406407,10,15.67,1,1,3,3,4,4,3,3,3,4,1,1
12424429,10,16.08,1,1,3,4,4,3,3,3,3,3,4,4
12420438,10,16.08,2,1,2,3,3,3,3,3,3,3,2,2
12411075,10,16,2,3,1,4,4,3,2,3,2,3,2,3
12430635,10,15.67,2,2,3,2,3,3,3,3,3,3,2,2
12414287,10,16.25,2,1,3,2,3,3,2,3,3,3,2,2
12426532,10,16.33,2,1,3,3,3,3,2,3,2,3,3,2
12414723,10,15.75,2,3,2,3,3,3,3,3,2,3,2,2
12404267,10,16,2,1,3,3,3,3,3,3,3,3,3,2
12418951,10,16.33,2,1,3,3,3,3,4,4,3,3,2,2
12400945,10,16.25,2,1,3,2,2,2,3,3,3,3,3,2
12406381,10,15.75,2,1,2,2,3,3,2,3,4,3,2,2
12415549,10,16,2,1,3,3,4,4,4,4,3,4,1,2
12410692,10,15.83,1,1,2,3,3,3,3,3,3,2,3,3
12417137,10,16.33,1,1,3,3,3,3,3,3,3,999,3,2
12416675,10,16.08,1,2,2,2,2,3,3,3,2,3,3,2
12410813,10,15.83,1,1,2,2,3,999,2,2,2,2,4,4
12416597,10,15.42,1,2,3,3,3,3,2,3,3,3,2,2
12425824,10,16.08,1,2,3,3,4,3,3,4,3,3,2,2
12416266,10,15.58,1,3,3,3,3,3,3,3,3,3,2,2
12427316,10,16,1,1,1,4,2,3,2,3,2,3,3,3
12423137,10,15.58,1,2,3,3,3,3,3,3,3,3,2,2
12420106,10,15.42,1,1,1,3,2,2,2,2,2,2,3,3
12413181,10,15.75,1,3,3,4,3,3,3,3,3,3,2,2
12430302,10,15.83,1,2,2,3,3,3,2,3,2,3,1,2
12405397,10,16.08,1,2,3,2,3,3,3,3,3,3,3,3
12426230,10,16.17,1,3,3,3,4,4,3,4,4,4,2,2
12425439,10,16,1,2,3,3,3,3,2,3,3,3,2,2
12418549,10,16.17,1,1,2,3,3,3,3,2,3,3,3,4
12430720,10,16.08,2,2,2,3,3,3,1,2,2,3,2,2
12426742,10,15.58,2,1,2,3,3,3,3,3,3,3,2,2
12405358,10,15.92,2,2,3,4,4,4,3,3,4,4,1,1
12416691,10,15.42,2,2,3,3,3,3,2,3,3,3,2,2
12420128,10,15.5,2,1,3,3,3,3,3,3,3,3,3,2
12425047,10,15.5,2,1,3,3,3,3,3,3,3,3,1,1
12411224,10,15.83,2,2,2,4,4,4,4,4,4,4,999,1
12403690,10,15.42,2,2,3,2,2,2,2,2,2,3,2,2
12421609,10,15.58,2,3,4,4,3,3,4,4,4,4,1,2
12419232,10,15.67,2,1,3,2,3,3,3,3,3,3,3,2
12406543,10,16.33,2,3,3,3,3,3,3,3,3,3,1,1
12419160,10,16.08,2,1,2,3,3,2,2,3,2,2,4,2
12417674,10,15.5,2,3,2,4,3,3,2,3,2,2,2,2
12420350,10,15.5,2,3,2,3,3,3,2,3,2,3,2,2
12423145,10,15.83,1,2,3,3,3,3,2,3,3,3,2,3
12408347,10,15.58,1,2,3,3,3,3,3,3,3,3,2,2
12413335,10,15.92,1,2,2,3,3,3,4,4,4,4,2,2
12420986,10,16.33,1,3,1,3,3,3,3,3,4,3,2,2
12404165,10,15.75,1,1,3,4,4,4,2,4,2,4,2,2
12407302,10,15.58,1,2,4,4,4,4,4,4,4,4,1,2
12418355,10,16.33,1,1,4,3,4,4,3,4,4,4,2,2
12400586,10,15.75,1,1,2,3,3,3,2,3,2,3,2,2
12403733,10,15.83,1,3,3,3,3,3,3,3,3,3,2,2
12406783,10,15.92,1,2,3,4,4,4,2,4,3,4,1,1
12407792,10,15.42,1,1,4,3,3,3,3,3,3,3,2,2
12425087,10,15.83,1,2,1,3,3,3,2,3,2,2,2,2
12412408,10,15.75,1,3,3,3,3,3,3,3,3,3,3,2
12420121,10,15.92,1,1,4,3,4,3,3,3,3,3,1,2
12424482,10,15.83,2,3,3,4,2,3,1,3,3,3,2,2
12404343,10,15.42,2,2,2,3,3,3,3,3,3,3,2,2
12422332,10,16,2,2,2,3,3,3,3,4,3,3,1,2
12404338,10,15.5,2,1,3,3,4,4,3,3,4,4,2,1
12403339,10,16.33,2,3,2,4,3,3,4,4,3,4,2,2
12402568,10,15.5,2,3,3,3,3,3,2,3,3,4,1,1
12413993,10,15.58,2,2,3,3,3,3,2,3,2,3,2,2
12400676,10,16.33,2,3,2,3,3,3,3,3,2,3,2,2
12411898,10,16.33,2,3,3,3,3,3,3,3,3,3,2,3
12426800,10,15.58,2,2,3,3,3,3,3,3,3,3,2,2
12406704,10,16.33,2,3,2,3,2,3,2,2,2,3,2,2
12409536,10,15.5,2,1,3,3,3,2,3,3,3,3,2,2
12411342,10,15.58,2,2,3,4,3,3,3,3,2,3,2,2
12423761,10,15.83,2,3,2,3,3,3,2,2,1,3,1,2
12420408,10,15.75,2,1,2,3,3,3,2,3,2,3,3,2
12421090,10,16.17,2,3,4,4,3,4,4,4,2,4,1,1
12429360,11,16.33,2,2,3,4,4,3,3,3,4,4,4,4
12410520,10,15.5,1,3,4,3,4,3,4,4,3,3,2,999
12407884,10,16.17,1,1,1,3,3,3,1,3,1,1,2,2
12414236,10,15.83,1,1,3,3,3,3,3,3,3,3,1,2
12401696,10,16.08,1,2,3,2,3,3,3,3,3,3,3,3
12415966,10,16.08,1,1,3,3,3,3,3,3,3,3,2,2
12404308,10,15.42,1,3,1,1,4,2,1,3,1,1,2,2
12410189,10,15.33,1,1,3,3,3,3,3,3,3,3,3,2
12405544,10,15.83,1,2,3,3,3,3,3,4,4,4,2,2
12401112,10,15.67,1,1,2,2,3,2,2,3,2,2,3,3
12421766,10,15.33,1,1,2,3,3,3,3,3,3,2,3,2
12415782,10,15.58,1,3,2,3,3,3,2,3,2,2,4,3
12422354,10,15.67,1,1,4,4,4,4,4,4,4,4,1,1
12422132,10,15.75,2,1,3,2,3,2,3,2,3,3,2,3
12405743,10,16.17,2,999,999,999,999,999,999,999,999,999,999,999
12403625,10,15.33,2,1,2,4,1,3,4,2,2,3,1,1
12414493,10,15.83,2,1,2,2,4,4,3,4,3,4,2,2
12406417,10,15.92,2,1,2,3,4,3,3,3,1,3,1,1
12428600,10,15.5,2,1,3,4,3,3,3,3,2,3,3,2
12414141,10,15.75,2,1,4,4,4,4,4,4,4,4,2,2
12427516,10,15.5,2,1,4,4,4,4,4,4,4,4,1,1
12403579,10,15.83,2,3,1,3,3,2,1,2,1,2,2,3
12411559,10,15.75,2,3,4,3,3,3,3,3,2,4,1,2
12400302,10,15.67,2,2,4,3,3,3,3,3,3,3,2,2
12402907,10,16.17,2,1,3,3,3,4,4,3,3,3,3,3
12400150,10,15.92,2,3,3,3,4,3,3,4,3,3,3,2
12408341,11,16.25,2,1,1,1,3,3,4,4,3,4,4,2
12409109,9,15.33,2,1,3,2,2,3,3,3,4,3,2,2
12401502,9,15.33,2,1,3,2,3,3,3,3,4,3,2,2
12421945,10,16.17,1,1,3,3,3,4,4,4,3,3,2,2
12415739,10,15.67,1,1,3,3,3,999,2,3,2,3,1,1
12429110,10,15.83,1,1,4,4,4,4,4,4,4,4,1,2
12407147,10,15.33,1,1,4,3,3,3,3,3,3,3,2,2
12425931,10,16,1,1,3,3,3,3,3,3,3,3,1,1
12419969,10,15.67,1,1,3,2,4,3,3,3,3,3,1,2
12404481,10,15.5,1,1,2,3,3,3,3,3,2,3,3,2
12424392,10,15.58,1,1,3,3,2,2,3,3,4,3,1,999
12424640,10,15.83,1,1,2,3,3,3,1,3,1,3,1,999
12402832,10,15.5,1,1,3,3,3,4,4,3,2,3,2,2
12412308,10,15.58,1,1,2,4,4,4,3,4,2,3,2,2
12417092,10,15.75,1,1,3,3,3,4,2,3,3,3,2,2
12403088,10,15.75,1,1,3,3,3,3,3,3,3,3,2,2
12421464,10,16.25,2,1,1,3,3,3,2,4,2,2,2,2
12417793,10,15.92,2,1,3,3,3,2,3,3,3,3,2,2
12417131,10,15.5,2,1,3,3,3,3,3,3,3,3,2,2
12403818,10,16,2,1,3,4,3,3,3,4,4,4,1,1
12413287,10,16.17,2,1,3,3,3,3,3,3,3,3,2,2
12409642,10,15.58,2,1,1,3,2,2,2,2,2,2,4,4
12401249,10,16,2,1,3,3,2,3,3,3,3,3,2,3
12422580,10,16.17,2,999,999,999,999,999,999,999,999,999,999,999
12423875,10,16.25,2,1,3,3,3,3,3,3,3,3,3,3
12420917,10,16,2,1,3,4,3,3,4,4,4,3,4,2
12429757,11,16.17,1,1,4,3,3,3,3,3,3,4,1,2
12422819,11,16.25,2,1,3,3,1,1,1,1,1,3,2,2
12419774,9,15.58,1,1,2,3,3,3,2,3,3,3,2,2
12407809,9,15.42,1,1,3,4,3,4,2,4,4,3,3,2
12416703,9,15.75,2,1,3,3,3,4,3,3,1,3,2,2
12400306,9,15.5,2,1,3,2,3,3,3,3,3,3,2,2
12426976,9,15.58,2,1,1,1,4,2,4,3,1,2,1,1
12424950,10,15.67,1,1,3,3,3,3,3,3,3,4,2,2
12430390,10,15.58,1,1,2,3,3,3,2,3,2,3,3,2
12401320,10,15.67,1,1,2,3,3,3,3,3,2,2,2,2
12406361,10,15.67,1,1,3,2,3,2,3,3,3,3,2,2
12413978,10,16.25,1,1,2,4,4,3,3,3,2,3,3,2
12422759,10,15.67,1,1,2,3,3,3,3,3,2,2,3,2
12424296,10,16.33,1,1,3,3,3,3,3,3,3,3,3,2
12426741,10,16,1,1,1,3,2,3,2,2,2,1,4,4
12407734,10,15.42,2,1,3,3,3,3,4,3,4,4,2,2
12416817,10,16.17,2,1,3,3,3,3,3,3,3,3,1,1
12408862,10,15.83,2,1,3,2,999,999,3,999,999,999,2,2
12421379,10,15.92,2,1,3,3,3,2,3,2,3,3,2,2
12429744,10,15.92,2,1,4,4,4,4,3,3,3,4,3,2
12407226,10,16.17,2,999,999,999,999,999,999,999,999,999,999,999
12412781,10,15.83,2,1,3,4,4,4,4,4,4,4,4,3
12417393,10,15.58,2,3,1,3,2,2,2,3,1,2,2,2
12414629,10,16.08,2,1,3,3,3,3,4,4,3,3,2,2
12422468,10,15.92,2,1,3,3,3,3,3,3,3,3,2,2
12400474,10,16.17,2,999,999,999,999,999,999,999,999,999,999,999
12416196,10,16.17,2,1,3,4,3,3,3,3,3,4,3,3
12401833,10,15.92,2,1,3,3,3,2,3,2,2,4,2,1
12405151,10,15.5,2,1,3,3,3,3,3,3,3,3,3,3
12411345,10,16.33,2,1,4,4,4,4,4,4,4,4,1,1
12425045,10,16.25,1,1,2,3,4,3,2,3,3,3,2,2
12402423,10,16.25,1,1,3,4,4,4,2,4,3,4,1,1
12419771,10,16.33,1,999,3,3,2,2,3,2,2,2,3,2
12409582,10,15.75,1,1,4,3,3,3,2,3,3,3,2,2
12428180,10,16.17,1,1,3,3,3,3,3,3,3,3,2,2
12404330,10,15.75,1,3,3,3,4,3,3,3,2,3,2,2
12426792,10,16.17,1,1,3,4,4,4,4,4,4,4,1,1
12403721,10,16.08,1,2,1,2,3,3,1,2,2,3,1,2
12425989,10,15.83,1,1,1,3,3,3,2,3,2,3,2,2
12412511,10,16.17,1,1,3,3,2,3,3,3,3,3,2,2
12428252,10,16.08,1,1,2,3,4,3,3,3,2,3,2,2
12421259,10,16.17,2,1,4,3,3,2,3,3,3,3,2,2
12422275,10,16.17,2,1,3,3,3,3,3,3,2,3,3,2
12422207,10,15.92,2,1,3,3,3,3,4,4,4,4,3,2
12417215,10,15.92,2,2,3,4,4,3,3,4,3,4,1,1
12420907,10,16,2,2,3,4,2,3,2,3,3,2,3,2
12403643,10,16.33,2,1,4,4,4,3,4,4,4,4,2,2
12415902,10,15.75,2,3,3,3,4,4,3,4,3,4,1,1
12418204,10,16,2,1,3,4,3,3,3,4,3,3,2,2
12418513,10,16.08,2,999,999,999,999,999,999,999,999,999,999,999
12427581,10,15.58,2,1,3,4,4,4,3,3,2,3,2,2
12423712,10,15.5,2,1,3,3,3,3,3,2,3,3,2,2
12401611,10,16.17,2,2,3,2,3,3,3,3,3,3,2,2
12417038,10,16.33,2,1,3,3,3,3,3,3,3,3,2,2
12404680,10,16.08,2,1,4,4,3,3,2,3,3,2,1,1
12403121,10,15.92,2,999,999,999,999,999,999,999,999,999,999,999
12405685,10,15.67,2,1,3,3,3,3,3,3,3,3,2,2
12401102,9,16.08,1,1,3,2,3,2,3,3,3,3,3,3
12407019,9,16.25,2,1,2,3,3,3,3,3,3,2,2,2
12425771,9,16.08,2,1,4,4,4,3,3,3,3,3,2,2
12418664,9,15.67,2,3,4,4,4,4,4,4,4,4,2,1
12411578,10,15.67,1,1,2,3,3,3,2,3,2,2,2,2
12412763,10,15.75,1,1,3,4,4,4,4,4,4,4,2,2
12413067,10,16,1,1,2,3,3,3,2,4,2,2,3,3
12410291,10,16.08,1,1,3,3,3,2,2,3,2,3,2,2
12416261,10,16,1,1,3,4,4,4,3,4,3,3,1,1
12415236,10,16.08,1,1,2,3,3,3,3,2,2,3,2,2
12400736,10,15.58,1,1,1,4,3,3,1,4,1,1,4,4
12403098,10,15.83,1,1,1,3,3,3,2,3,2,3,2,2
12402894,10,16,1,1,1,1,1,4,1,4,1,999,4,2
12416772,10,16,1,1,3,3,4,4,3,4,4,4,2,1
12424539,10,16.08,1,1,2,4,4,4,2,3,2,3,2,2
12407981,10,15.75,2,1,3,3,4,3,4,3,4,4,1,1
12424760,10,16,2,1,3,4,3,3,4,2,3,3,3,3
12413923,10,16.17,2,2,3,3,3,3,3,4,3,3,1,1
12408114,10,16.33,2,3,4,4,3,4,4,3,4,4,1,2
12405245,10,16.17,2,2,4,3,3,3,4,3,4,4,2,2
12405966,10,16.33,2,1,3,3,2,3,4,3,4,3,2,2
12420179,10,15.5,2,1,4,4,4,4,4,4,4,4,1,1
12405877,10,15.42,2,1,3,3,3,2,4,3,3,3,1,1
12430191,10,16.17,2,1,4,3,3,3,3,2,3,3,2,2
12407319,12,16.33,1,3,2,3,3,3,2,3,2,3,3,3
12414219,10,15.5,1,3,2,3,3,3,3,3,3,3,2,2
12403882,10,15.67,1,1,3,3,3,3,3,3,3,3,2,999
12426539,10,15.92,1,1,3,2,3,3,2,3,3,3,2,2
12406730,10,15.75,1,2,3,3,3,3,3,3,3,3,4,2
12428142,10,15.42,1,1,2,3,3,3,3,3,3,3,2,2
12413262,10,15.75,1,1,3,3,4,3,3,4,3,4,2,2
12402070,10,16.33,1,3,2,4,4,4,2,4,4,4,2,2
12424204,10,16.08,1,1,1,4,3,3,3,3,3,2,2,2
12430098,10,16,1,2,1,3,3,3,3,3,3,3,2,2
12406185,10,15.5,1,1,3,3,3,3,3,3,3,3,1,2
12420228,10,16.17,1,1,3,3,3,3,3,3,3,3,3,1
12408725,10,15.58,1,2,4,999,2,3,4,4,3,4,2,2
12405116,10,15.92,1,2,3,3,3,3,3,3,3,3,2,3
12402326,10,15.75,1,2,2,4,3,4,3,4,3,4,2,2
12412996,10,15.75,1,1,3,4,4,4,3,4,4,4,1,1
12416128,10,16.25,1,3,4,4,4,4,4,4,4,4,1,2
12415955,10,15.42,1,3,3,4,4,4,4,4,3,3,2,4
12413419,10,16.08,1,2,4,4,4,4,4,4,4,4,1,1
12416334,10,15.83,1,2,3,3,3,3,2,3,3,3,2,3
12422303,10,15.5,2,3,3,4,4,3,3,4,3,4,2,2
12411064,10,15.83,2,1,1,4,4,4,4,4,1,1,1,1
12414055,10,15.67,2,2,3,3,3,3,3,3,3,3,2,2
12415683,10,15.5,2,1,3,3,2,3,3,3,3,3,1,1
12423742,10,15.67,2,3,3,2,3,2,3,2,3,3,2,2
12407697,10,15.83,2,2,2,3,3,3,2,3,2,2,4,4
12413834,10,15.92,2,2,4,4,4,4,4,4,4,4,1,2
12406552,10,15.67,2,2,3,3,3,3,3,3,3,3,2,2
12416481,10,16.08,2,3,999,999,999,999,999,999,999,999,3,3
12422473,10,15.58,2,2,3,3,3,3,3,3,3,3,2,3
12406112,10,16,2,1,2,3,4,3,2,3,2,3,2,2
12424998,10,15.83,2,2,2,3,3,3,2,3,2,2,2,2
12429046,10,15.83,2,1,3,4,4,3,4,3,4,4,3,3
12428367,10,15.5,2,3,2,4,3,2,2,2,2,3,1,2
12421923,10,15.92,2,2,2,3,4,4,3,4,1,4,1,2
12418915,10,15.58,2,2,3,2,3,3,2,3,2,3,2,2
12429526,10,15.5,2,3,4,3,3,3,4,3,4,4,2,2
12427322,10,15.75,2,2,3,3,3,3,3,3,3,3,1,1
12412924,10,15.42,2,2,4,3,3,4,4,4,4,4,1,3
12415536,11,16.33,1,999,999,999,999,999,999,999,999,999,999,999
12407404,11,15.42,2,3,4,3,4,4,4,4,4,4,1,1
12411624,9,15.5,1,999,4,3,4,4,4,3,4,3,2,2
12405211,9,15.33,1,1,3,3,3,4,3,3,3,3,2,2
12409957,9,16.25,1,3,3,3,3,3,3,3,3,3,2,2
12408067,9,15.42,1,3,2,3,4,1,3,4,2,2,2,2
12426236,9,15.42,1,3,1,4,4,4,4,4,4,4,1,1
12426631,9,15.92,2,1,4,3,4,4,4,4,4,4,2,2
12421448,9,15.33,2,1,4,3,3,3,4,3,4,4,2,3
12402215,9,15.5,2,1,4,3,3,3,3,3,4,4,2,2
12430344,9,15.5,2,1,3,4,4,4,4,4,4,4,1,1
12414890,9,15.75,2,3,4,4,4,3,3,3,3,3,1,1
12414039,9,15.33,2,3,3,3,4,3,2,3,2,4,1,1
12420468,9,15.42,2,3,3,3,4,3,3,3,3,4,2,2
12410768,10,15.92,1,1,3,3,3,3,3,3,3,3,1,1
12423723,10,15.67,1,1,2,3,3,3,3,3,2,3,2,2
12414345,10,15.75,1,1,4,2,3,3,3,3,4,4,2,2
12417098,10,16.33,1,1,3,3,4,4,3,4,2,4,2,2
12427901,10,15.42,1,1,2,3,3,3,3,3,2,2,2,2
12422787,10,16.25,1,1,2,4,4,4,4,3,3,3,2,3
12405110,10,15.83,1,1,1,3,3,3,2,3,1,1,3,2
12419341,10,16,1,1,2,3,3,3,3,3,3,3,2,2
12403757,10,15.83,1,1,3,2,3,3,3,3,3,3,2,2
12403297,10,15.83,1,2,3,3,3,2,3,4,4,3,3,2
12415716,10,15.58,1,1,2,3,4,3,3,4,3,4,1,2
12414221,10,16.25,1,1,3,3,3,999,3,4,4,3,2,2
12412069,10,15.75,1,1,3,3,3,3,3,3,3,3,2,2
12414380,10,16.08,1,1,3,3,3,3,3,3,3,3,2,1
12408369,10,16.08,1,1,3,3,3,3,3,3,3,3,2,2
12404463,10,15.75,1,1,3,3,3,3,4,3,4,4,2,2
12412174,10,15.58,1,1,4,4,4,4,4,4,4,4,1,1
12414338,10,15.42,1,2,2,3,3,2,2,3,2,2,3,2
12416605,10,15.42,2,3,3,3,3,3,3,3,3,3,1,2
12407575,10,16.08,2,1,3,3,3,3,3,3,3,3,3,2
12417926,10,16,2,1,3,3,3,3,3,3,3,3,3,2
12428311,10,16.17,2,2,3,3,4,2,2,3,3,4,2,2
12422230,10,15.5,2,1,3,3,3,3,3,3,3,3,2,2
12408393,10,16.17,2,1,2,2,3,3,2,2,2,3,2,2
12408423,10,16,2,1,3,3,4,3,4,3,4,4,1,2
12404899,10,16,2,1,4,3,3,2,3,3,4,4,1,2
12423005,10,15.5,2,1,3,3,3,3,4,3,3,3,2,2
12405924,10,15.75,2,1,3,3,3,3,4,3,2,3,2,2
12405231,10,16.25,2,1,2,4,3,3,3,3,3,2,3,3
12427897,10,15.83,2,1,3,3,3,3,2,3,2,3,3,3
12425154,10,16.17,2,1,4,1,4,1,4,1,4,4,4,4
12406261,10,16.33,2,1,3,3,2,3,3,2,3,3,3,3
12404003,10,16.08,2,1,3,3,3,3,3,3,3,3,2,2
12420664,10,16.08,2,1,4,2,3,3,1,2,1,1,2,2
12418905,10,16,2,1,3,3,3,3,3,3,3,3,2,2
12427395,10,16.17,1,1,3,3,3,3,3,3,3,3,2,2
12407915,10,15.5,1,999,3,3,3,3,3,3,3,3,4,4
12409112,10,15.58,1,3,4,4,3,3,3,3,3,4,2,2
12427209,10,16,1,1,3,4,4,4,2,4,3,2,1,2
12408588,10,15.5,1,2,3,3,3,3,4,3,4,3,3,2
12404975,10,15.5,1,1,2,4,3,3,2,3,3,3,2,2
12414441,10,15.92,1,1,2,3,3,3,3,2,2,2,3,2
12402338,10,15.83,1,1,1,3,3,3,1,3,2,3,4,3
12423390,10,15.83,1,3,3,3,3,3,3,3,3,3,3,2
12424009,10,16.08,1,3,3,2,3,3,3,3,3,3,3,2
12419512,10,15.67,2,2,4,3,3,3,3,3,3,3,2,2
12409826,10,15.83,2,3,4,3,3,3,3,3,3,3,1,2
12407698,10,15.83,2,3,3,2,3,3,3,4,4,4,2,2
12404996,10,16,2,2,3,3,3,3,3,3,3,3,2,2
12400812,10,16.17,2,1,4,4,4,4,4,4,4,4,1,1
12421716,10,15.5,2,2,2,3,3,3,4,4,4,4,1,2
12425955,10,15.92,2,2,2,3,3,3,2,3,3,3,2,2
12403770,10,15.75,2,2,3,3,4,3,4,3,4,4,2,2
12423510,10,15.75,2,3,3,3,3,3,3,3,2,3,2,2
12416115,10,15.42,2,2,3,2,3,3,3,3,2,3,2,2
12404859,10,15.42,1,1,3,3,3,3,2,3,2,3,2,2
12426559,10,15.92,1,1,1,3,3,3,2,3,2,2,3,3
12416616,10,15.42,1,1,3,3,4,4,3,4,3,3,2,2
12426318,10,16,1,1,4,4,4,4,4,4,4,4,1,999
12426567,10,15.58,1,1,2,3,3,3,2,3,2,3,3,3
12424369,10,16,1,999,3,4,4,3,2,4,2,4,3,2
12409194,10,15.83,1,1,3,4,4,4,3,4,3,4,2,1
12418057,10,15.58,1,3,4,2,3,3,4,4,4,4,3,2
12419602,10,15.83,1,1,1,4,3,3,2,4,1,3,2,2
12427884,10,15.5,1,1,4,3,3,3,4,3,4,4,1,1
12419591,10,15.58,2,1,4,3,2,2,4,3,4,3,2,2
12412320,10,16.08,2,1,2,3,3,3,2,3,3,3,2,2
12413326,10,15.92,2,1,2,3,3,4,3,4,2,2,3,4
12409717,10,15.42,2,1,3,3,3,3,3,3,3,3,2,2
12419072,10,15.67,2,1,4,3,3,4,3,3,4,3,2,1
12412634,10,16.33,2,1,2,3,3,3,4,3,3,3,2,2
12410791,10,15.83,2,1,3,3,3,3,3,3,3,3,2,2
12415671,11,16.33,1,1,2,3,3,3,3,3,3,3,2,2
12410704,11,16.25,2,1,3,4,3,3,3,4,4,3,2,2
12428004,10,15.75,1,3,2,3,3,3,3,3,2,3,2,2
12419236,10,15.67,1,1,4,3,3,4,3,3,4,4,2,2
12407722,10,15.67,1,1,2,3,3,3,2,2,2,2,3,3
12407042,10,15.5,1,1,2,2,3,3,2,3,2,3,2,2
12410996,10,15.75,1,1,3,4,4,3,3,3,3,3,1,1
12412803,10,16,1,3,4,3,3,4,4,4,4,4,2,1
12424091,10,15.58,1,3,3,2,3,2,3,4,2,3,2,2
12429960,10,15.75,1,2,3,3,4,3,4,4,4,4,2,1
12430914,10,16.08,1,1,2,3,3,3,3,3,2,3,2,2
12419839,10,15.92,1,2,3,3,3,3,3,4,3,4,2,2
12420211,10,15.58,1,1,4,3,3,3,3,3,4,4,4,2
12423610,10,16.08,1,1,3,3,4,4,4,4,4,4,2,1
12422291,10,15.5,1,3,3,4,4,3,2,3,4,3,2,2
12401743,10,15.92,2,1,4,3,4,4,2,3,3,4,2,2
12404691,10,16.25,2,1,3,3,3,3,3,3,3,3,2,2
12403440,10,15.92,2,1,4,4,4,4,4,4,4,4,1,1
12425877,10,16,2,1,3,4,4,4,1,4,2,4,3,2
12414968,10,16.08,2,1,4,3,4,4,4,4,4,4,1,1
12406922,10,16,2,1,3,2,3,3,3,3,4,4,1,1
12407453,10,15.58,2,2,4,3,3,3,3,3,4,4,1,1
12402512,10,16,2,2,3,4,4,4,4,4,4,4,1,1
12422591,10,16.25,2,1,3,3,3,3,3,3,3,3,1,1
12400917,10,15.67,2,1,3,3,3,4,3,4,3,4,3,2
12419630,10,15.83,2,1,3,3,4,3,2,4,4,4,2,2
12403886,10,16.25,2,999,4,4,999,3,999,3,999,4,1,1
12407851,10,15.58,2,1,3,4,3,3,3,2,2,3,2,1
12423039,10,16,2,3,3,3,3,3,2,3,2,4,2,2
12415280,10,15.67,2,1,2,4,3,4,2,3,1,4,2,2
12414351,10,16.08,2,3,3,4,3,3,3,4,3,3,2,2
12429707,10,16,2,1,3,4,4,4,4,4,4,4,4,4
12402610,11,16.25,1,1,3,3,3,2,3,2,3,3,2,2
12400994,11,16.33,2,1,3,3,3,3,3,4,3,3,2,2
12419285,10,15.92,1,3,3,3,3,3,3,2,2,3,2,2
12424310,10,15.92,1,2,3,4,4,3,2,3,2,4,2,2
12406739,10,15.92,1,3,4,3,4,4,4,3,3,3,2,2
12424139,10,15.83,1,1,3,3,3,3,4,4,3,3,1,1
12401237,10,16.08,1,2,2,4,2,3,3,3,1,3,2,2
12421689,10,15.58,1,2,4,4,4,4,4,4,4,4,2,1
12428720,10,15.58,1,1,2,3,3,3,3,3,2,3,2,2
12427393,10,15.5,1,1,2,3,3,3,2,3,3,3,2,2
12420770,10,16.25,1,3,1,4,3,3,1,3,2,2,2,2
12404657,10,15.83,1,3,2,3,3,4,4,4,3,3,1,3
12402688,10,15.33,1,3,2,3,3,3,2,3,2,3,2,2
12419193,10,15.92,1,3,3,3,3,3,3,3,3,3,2,2
12412626,10,15.5,1,3,2,3,2,3,3,3,2,2,2,2
12429122,10,15.58,1,1,2,3,3,3,2,3,2,3,2,2
12406425,10,15.92,2,3,4,4,4,4,4,4,3,3,2,2
12407822,10,16.17,2,1,2,3,4,4,2,4,3,4,1,1
12424508,10,16,2,3,3,3,3,3,3,3,3,3,2,2
12426188,10,15.33,2,1,2,4,3,3,3,3,3,4,1,1
12421273,10,15.5,2,2,3,3,3,3,3,3,3,3,2,2
12400796,10,15.5,2,2,4,3,3,2,4,3,3,4,2,2
12428568,10,16.08,2,3,4,4,4,4,4,4,4,4,4,4
12422824,10,15.42,2,3,3,1,3,3,4,3,2,3,2,1
12426763,10,16.08,2,1,1,3,2,3,2,3,1,2,2,2
12409718,10,15.83,2,3,3,4,3,3,1,3,2,2,2,2
12408518,10,15.75,2,2,3,4,4,4,4,4,4,4,2,2
12426302,10,15.42,2,2,3,2,3,3,3,2,3,3,2,2
12400905,10,16.17,2,2,3,3,3,3,3,3,3,3,2,2
12426342,10,15.33,2,3,2,3,3,3,2,3,2,3,2,2
12428195,11,16.17,1,2,3,4,3,3,3,3,3,3,2,2
12403016,11,16.25,1,2,2,4,4,3,3,3,2,2,2,2
12410186,10,16.08,1,1,1,4,2,3,3,2,1,1,3,3
12408787,10,15.67,1,1,3,2,3,3,3,3,3,3,2,2
12421032,10,15.67,1,1,2,4,3,4,1,4,2,4,4,3
12411147,10,15.92,1,2,2,4,4,4,3,4,3,4,4,4
12416996,10,15.67,1,3,4,4,4,4,4,4,4,4,1,2
12406827,10,15.92,2,2,2,3,4,4,999,4,999,3,3,3
12420953,10,16.25,2,1,1,4,3,3,3,3,3,3,4,3
12401921,10,16.17,2,1,2,3,3,3,3,3,2,3,2,2
12403683,10,16.08,2,1,1,4,3,4,4,4,2,2,1,2
12419950,10,15.5,2,1,1,3,1,1,1,1,1,1,3,2
12423694,10,15.92,2,1,3,3,3,3,3,3,3,3,1,2
12427685,10,16,2,1,4,3,4,3,3,3,3,4,2,2
12416244,10,15.92,2,1,1,4,1,1,2,3,1,1,3,4
12407968,10,15.75,1,1,2,3,3,3,3,3,3,3,2,2
12424540,10,15.42,1,1,2,2,3,3,3,3,3,999,1,1
12402022,10,15.83,1,1,1,3,3,3,3,3,3,3,2,2
12421038,10,15.75,1,3,2,3,4,4,3,3,2,3,3,2
12414627,10,15.5,1,2,3,999,2,4,3,4,3,4,2,2
12413984,10,16,1,1,3,3,3,3,3,3,3,3,2,2
12419031,10,15.58,1,1,3,4,4,4,3,4,2,3,1,2
12418469,10,15.83,1,1,3,3,3,3,3,3,3,3,2,2
12401928,10,15.58,1,1,3,4,3,3,3,4,3,3,2,2
12429396,10,15.42,1,1,1,3,3,3,3,4,2,3,2,2
12413639,10,16.17,2,999,999,999,999,999,999,999,999,999,999,999
12418693,10,15.33,2,2,3,3,3,3,3,3,3,3,2,2
12422792,10,15.67,2,1,1,3,3,3,2,3,2,2,2,2
12416328,10,16.25,2,1,2,4,4,4,4,4,4,4,2,2
12423405,10,15.83,2,3,4,3,3,3,3,3,3,3,2,2
12402124,10,16.17,2,1,1,2,4,3,1,1,1,2,2,2
12401793,10,15.58,2,3,3,3,3,3,4,4,4,4,2,2
12413529,10,16.25,2,1,1,4,3,3,3,3,1,2,2,2
12410325,10,16.17,2,1,4,1,1,1,4,4,4,4,999,999
12420606,10,16.25,2,1,3,3,3,3,3,3,3,3,2,2
12402668,10,15.92,2,3,3,3,3,3,3,4,3,3,2,1
12429805,10,15.75,2,1,4,4,4,4,4,4,4,4,1,1
12424197,10,16.17,2,2,4,4,4,4,4,4,4,4,2,2
12404553,10,15.92,2,1,3,3,3,3,3,3,3,3,1,1
12419789,10,16.17,2,2,1,4,4,3,1,2,1,2,2,2
12406825,10,15.5,2,3,1,3,3,2,2,3,2,2,2,2
12412752,10,15.67,2,3,3,3,3,3,3,4,3,3,1,1
12416147,10,16,2,1,3,3,3,3,3,3,3,3,2,2
12410722,11,16.17,1,1,3,3,3,4,3,3,3,3,1,2
12404310,9,15.58,2,1,4,4,4,3,3,4,4,4,4,1
12419331,10,15.67,1,2,2,3,3,2,3,3,3,2,2,2
12401962,10,15.83,1,2,1,4,3,3,1,4,1,1,2,2
12426411,10,16,1,1,4,3,3,3,3,3,3,3,1,2
12402435,10,16.25,1,1,3,3,3,3,3,3,2,3,3,2
12429389,10,15.83,1,1,3,3,3,3,3,3,3,3,2,2
12403802,10,15.83,1,1,3,4,1,1,3,3,2,2,3,2
12416580,10,16.17,1,1,3,3,3,3,3,3,3,3,2,2
12410307,10,15.42,1,1,3,3,3,3,3,4,4,3,2,2
12421966,10,16.17,1,1,3,4,3,3,2,3,1,4,2,2
12424590,10,16.25,1,1,3,4,3,3,4,4,3,3,2,2
12418502,10,16.08,1,1,3,3,3,3,3,4,4,3,1,2
12411965,10,15.92,2,1,4,4,4,4,4,4,4,4,3,2
12416081,10,16.33,2,1,1,4,3,3,2,3,2,3,2,2
12428377,10,16,2,1,3,3,3,3,3,3,3,3,3,2
12424592,10,16.17,2,3,2,3,2,3,3,2,2,4,1,3
12419604,10,15.58,2,1,3,2,3,3,4,3,3,3,3,3
12426937,10,15.83,2,1,2,4,3,3,3,3,2,3,2,2
12401607,10,16.08,2,1,4,4,4,4,4,4,4,4,1,2
12427506,10,16.08,2,1,3,3,3,3,3,3,3,3,2,2
12403230,10,15.83,1,1,3,3,2,2,3,2,3,3,1,1
12402949,10,16.08,1,1,3,3,3,3,3,3,3,3,1,2
12402174,10,16.08,2,1,4,3,4,4,4,4,4,4,2,1
12407353,10,16,2,1,3,4,4,4,2,4,4,3,2,2
12412157,10,15.67,2,1,3,3,3,3,2,3,2,3,1,2
12426720,9,16.08,1,1,4,3,4,4,2,3,3,4,3,3
12415958,9,16.33,1,3,3,2,4,4,3,4,4,3,2,2
12426267,9,15.42,1,1,4,4,4,3,3,4,4,4,4,4
12424425,9,15.67,1,3,3,3,3,3,3,3,3,3,3,3
12402265,9,15.42,2,1,4,4,3,3,4,3,4,4,1,1
12408118,9,15.58,2,1,3,3,3,3,3,3,3,3,2,2
12422900,10,16.17,1,1,3,3,3,3,3,3,3,3,4,4
12410558,10,16.08,1,1,1,3,4,4,1,4,1,1,4,2
12415598,10,15.75,1,1,3,3,3,3,3,3,4,4,3,2
12404846,10,15.42,1,1,3,3,4,3,3,3,3,3,3,3
12405575,10,15.42,1,1,3,2,3,2,3,3,2,2,3,3
12414191,10,15.83,1,1,2,3,3,3,3,3,3,3,3,3
12414002,10,15.42,1,1,1,3,2,3,1,3,1,2,4,3
12406906,10,15.58,1,1,3,3,3,3,2,4,4,4,1,1
12419863,10,16.33,1,1,3,3,3,3,4,3,3,3,3,2
12404210,10,15.92,1,1,2,3,3,3,2,3,1,2,2,2
12416192,10,16.33,1,1,3,3,2,3,3,2,3,3,3,2
12423704,10,15.58,1,1,3,2,3,2,3,3,3,3,2,2
12421190,10,15.92,1,1,2,4,4,4,3,3,3,3,1,2
12423273,10,16.33,2,3,3,2,2,3,4,3,3,4,2,2
12429890,10,15.75,2,1,3,3,3,3,3,3,3,3,2,2
12410179,10,16.33,2,1,2,3,3,3,2,2,2,3,2,2
12409008,10,15.83,2,1,2,3,3,3,2,3,2,3,2,2
12410853,10,15.83,2,1,4,3,3,3,4,3,3,3,2,2
12418245,11,16.33,1,1,1,3,3,3,3,2,2,3,4,4
12422528,10,15.42,1,2,2,3,3,3,3,3,3,3,2,2
12416271,10,15.67,1,3,4,3,4,4,3,4,4,4,2,2
12421920,10,15.33,1,2,3,3,3,3,4,3,4,4,1,2
12403849,10,15.75,1,3,3,2,3,3,3,3,3,3,2,2
12402456,10,15.58,1,3,3,3,2,3,3,2,3,3,2,1
12428052,10,15.42,1,1,2,3,3,3,3,3,2,2,3,2
12416190,10,16.25,1,1,3,3,3,3,3,3,3,3,2,2
12405369,10,15.92,1,1,3,3,3,3,3,3,3,3,2,2
12429119,10,15.67,1,3,3,4,3,3,3,3,3,3,2,2
12421878,10,15.58,1,1,3,4,3,3,3,3,2,3,2,2
12406024,10,15.5,1,999,3,3,3,3,3,3,3,3,2,2
12403296,10,16.08,1,3,3,4,3,4,3,4,2,4,2,2
12417782,10,15.67,1,3,4,3,3,3,4,4,4,4,1,1
12426108,10,15.67,1,1,2,3,2,3,3,3,3,3,2,2
12407824,10,15.42,2,1,3,3,2,2,3,3,3,3,4,3
12406998,10,16,2,1,3,3,3,4,4,3,4,4,2,2
12426423,10,15.67,2,1,3,3,3,4,4,4,4,4,1,4
12421519,10,15.42,2,1,1,4,4,4,1,3,1,3,4,2
12427537,10,15.92,2,1,3,3,3,3,3,3,3,3,4,4
12425029,10,15.83,2,1,4,4,4,4,4,4,4,4,1,1
12404500,10,15.58,2,1,4,3,4,2,4,4,4,4,2,3
12404087,10,16.25,2,1,4,3,3,3,4,3,4,4,2,2
12427287,10,15.67,2,2,3,4,3,4,3,4,2,3,3,3
12421939,10,15.58,2,1,2,3,3,3,3,3,2,2,2,2
12409990,10,16.08,2,1,4,3,3,3,3,3,3,3,1,2
12414390,10,15.92,2,2,2,3,2,3,3,3,3,3,3,3
12422851,10,15.5,2,1,2,3,3,3,2,3,2,3,1,1
12419125,10,15.75,2,1,2,3,3,4,4,3,3,3,2,2
12412187,10,15.5,2,3,3,3,3,4,4,4,4,4,1,1
12421129,10,16.17,2,1,2,2,3,3,3,2,2,3,1,2
12429144,10,16.25,2,1,2,3,3,3,2,3,1,3,2,2
12425389,11,15.67,2,3,4,3,3,3,4,2,3,3,2,2
12401411,10,15.58,1,1,3,4,999,2,1,1,1,3,4,999
12406477,10,15.83,1,1,3,3,3,3,2,3,3,3,2,2
12411853,10,15.5,1,3,2,4,4,3,2,3,2,3,4,2
12421616,10,15.67,1,1,1,3,3,3,1,3,1,3,4,4
12419260,10,16.25,1,1,2,3,2,3,2,3,3,2,3,2
12405446,10,16,1,1,2,4,4,3,3,3,2,3,2,2
12411754,10,15.67,1,3,1,3,3,3,3,3,2,3,2,2
12413460,10,15.67,1,3,3,4,3,3,3,4,3,3,2,2
12401826,10,15.75,1,1,4,4,3,3,3,3,3,3,2,2
12429385,10,15.92,1,1,1,2,2,3,2,2,2,2,3,2
12410673,10,15.92,1,2,2,4,3,3,2,4,1,4,2,2
12408373,10,16.08,1,1,3,4,3,4,1,3,1,3,3,2
12421571,10,15.75,1,1,3,3,4,3,3,3,4,4,3,2
12401162,10,15.92,1,1,4,3,3,3,3,3,3,3,2,2
12410917,10,16.08,1,2,1,3,3,3,1,3,1,1,3,3
12407827,10,15.83,1,1,3,2,3,3,3,3,3,3,2,2
12429245,10,15.92,2,3,3,2,3,1,3,3,3,3,3,3
12415464,10,16.17,2,1,4,4,4,4,4,4,4,4,2,1
12403632,10,16.08,2,3,1,3,4,4,1,3,1,4,2,2
12428504,10,16,2,1,4,3,3,3,3,3,4,3,1,2
12418424,10,16,2,1,3,3,3,3,3,3,3,3,3,3
12419782,10,15.75,2,1,3,2,3,3,3,3,3,3,1,2
12405094,10,15.58,2,1,2,2,2,2,2,2,2,2,2,2
12403843,10,16,2,1,3,3,3,3,3,3,3,3,2,2
12406962,10,15.67,2,1,3,3,3,3,2,3,3,3,2,2
12416549,10,15.58,2,1,4,4,4,4,4,4,4,4,3,1
12418129,10,16,2,1,2,2,3,2,2,3,2,3,3,2
12403306,11,16.33,1,1,3,3,3,3,3,4,4,4,3,1
12425573,11,16.33,2,2,3,3,4,4,4,4,4,4,2,1
12411877,9,16.17,1,1,3,2,3,3,3,1,2,3,3,4
12424413,9,15.58,2,1,3,3,3,3,3,3,3,3,1,1
12422855,10,15.33,1,3,1,3,2,3,2,3,2,2,3,2
12419081,10,15.92,1,1,3,4,3,3,3,3,3,3,1,2
12402787,10,15.5,1,1,4,4,4,4,4,4,4,4,1,1
12423286,10,15.42,1,1,2,3,3,2,2,2,2,3,1,1
12404538,10,15.83,1,1,2,3,3,3,2,3,2,3,2,2
12418363,10,15.83,1,1,3,3,4,3,4,3,3,3,1,2
12409373,10,16.08,1,2,3,4,3,3,2,3,2,3,3,2
12407577,10,15.42,1,2,2,3,3,3,3,3,3,3,2,2
12411978,10,16.17,1,1,2,3,3,3,3,3,2,3,3,2
12415765,10,15.92,1,3,2,4,3,3,3,4,4,3,4,3
12414778,10,15.75,1,1,1,3,3,3,4,3,2,3,2,2
12401645,10,15.75,1,1,2,3,4,4,3,3,2,3,2,2
12411814,10,15.75,1,1,1,3,1,3,2,3,3,1,2,2
12418843,10,16.17,1,3,3,4,4,4,3,4,4,4,2,2
12417914,10,15.5,1,1,1,3,4,3,2,3,2,3,3,2
12405099,10,15.75,1,1,2,3,3,3,1,4,1,3,2,2
12424336,10,15.67,1,1,3,3,3,3,3,3,3,3,2,2
12410027,10,16,1,1,3,2,2,3,3,3,3,3,2,2
12403902,10,15.75,2,1,3,3,4,4,4,4,3,4,2,2
12406659,10,15.92,2,1,1,2,4,4,2,4,1,2,3,3
12422708,10,15.5,2,3,3,2,3,3,3,3,3,3,3,2
12400777,10,16.08,2,1,2,3,3,3,2,2,2,2,3,2
12420503,10,15.83,2,3,2,4,3,3,4,3,3,3,3,2
12421874,10,15.83,2,1,4,3,3,3,3,3,3,4,2,2
12424402,10,15.92,2,2,4,4,4,4,1,4,4,4,1,1
12400789,10,15.58,2,3,3,3,4,4,4,4,4,4,1,2
12408899,11,16.25,1,1,3,3,4,4,4,4,4,3,2,2
12401575,11,16.17,2,1,3,3,2,2,3,3,3,3,2,2
12426065,9,15.42,1,1,3,3,3,3,4,3,3,3,1,1
12421051,10,15.42,1,1,3,3,3,3,3,3,3,3,3,2
12409656,10,16,1,1,2,3,2,3,2,2,3,2,4,3
12425254,10,15.75,1,1,3,3,3,3,2,3,3,4,1,999
12430507,10,16.08,1,1,3,3,3,3,3,3,3,3,1,1
12406441,10,15.67,1,1,1,2,2,4,2,3,1,1,4,3
12403059,10,15.42,1,1,3,3,3,3,3,3,3,3,3,2
12405949,10,16,1,1,3,3,3,3,3,3,3,3,3,2
12428411,10,15.42,1,1,2,4,4,4,4,4,3,3,3,2
12413804,10,15.75,1,1,4,2,3,2,4,3,3,4,3,2
12430452,10,16.17,1,1,3,4,4,3,3,3,3,3,2,2
12405617,10,16.08,1,1,2,3,3,3,2,3,3,3,3,2
12404412,10,15.92,2,999,999,999,999,999,999,999,999,999,999,999
12423929,10,15.67,2,1,4,2,3,2,3,3,4,4,2,2
12423640,10,16.08,2,1,3,3,4,3,3,4,3,3,2,2
12411432,10,15.83,2,1,1,3,2,2,2,2,2,2,1,2
12425284,10,15.75,2,1,2,2,3,2,3,3,3,999,3,2
12414316,10,16.17,2,1,4,3,3,4,2,3,4,3,1,1
12414646,10,15.75,2,999,3,2,3,3,2,4,2,3,2,2
12411356,10,15.5,2,1,4,3,4,3,4,3,3,4,3,2
12429294,11,16.25,1,1,1,3,3,3,2,4,2,2,2,2
12418058,10,16.25,1,3,3,3,4,4,4,3,3,4,4,2
12416984,10,15.5,2,1,1,4,4,4,1,3,2,1,2,2
12416330,10,15.67,2,3,3,3,4,2,3,3,3,3,3,2
12410351,10,16.33,1,1,1,3,2,3,2,3,2,3,3,2
12428853,10,16.08,1,1,3,3,3,3,2,3,2,3,2,2
12401108,10,15.67,1,1,2,1,2,1,1,1,1,1,3,3
12405914,10,16.33,2,1,3,3,3,3,3,3,3,3,2,2
12418713,10,15.67,2,1,3,3,3,3,3,3,3,3,4,4
12418345,9,15.33,1,2,4,3,4,4,4,4,4,4,1,4
12401711,9,15.33,2,2,2,3,3,3,2,3,3,2,2,1
12407866,9,15.33,2,2,3,3,3,3,3,3,3,3,3,2
12417952,9,16,2,3,3,3,2,3,1,3,4,4,2,4
12411250,10,15.67,1,3,3,3,3,3,3,3,3,3,3,2
12412278,10,15.67,1,3,4,4,3,3,2,3,3,3,2,2
12401895,10,15.67,1,1,4,3,3,3,4,3,4,4,2,2
12426795,10,15.58,1,1,3,3,3,3,2,3,2,3,3,3
12410070,10,15.67,1,1,3,4,4,4,4,4,4,4,1,1
12414958,10,15.5,1,2,3,3,3,3,3,3,3,3,3,3
12404580,10,16.25,1,1,3,4,1,4,3,4,4,4,1,2
12419825,10,16.08,1,2,1,3,1,1,1,4,1,1,2,4
12417396,10,15.75,1,1,3,3,3,3,2,3,3,3,3,3
12413101,10,15.83,2,3,4,2,4,4,4,2,4,4,2,3
12408946,10,15.42,2,3,3,4,4,3,3,4,4,4,4,1
12420152,10,15.75,2,1,3,3,2,2,3,3,3,3,2,2
12429335,10,16,2,2,4,4,4,4,4,4,4,4,1,2
12430901,10,15.5,2,999,3,2,3,3,3,2,3,3,3,2
12426634,10,15.67,2,1,3,3,3,3,3,3,3,3,4,4
12423339,10,16,2,3,3,3,3,3,3,3,3,3,2,2
12418909,10,15.83,2,3,2,3,3,3,3,3,3,3,2,3
12422119,10,16.25,2,2,4,4,4,4,4,4,4,4,2,2
12408011,10,15.58,2,2,4,4,4,4,4,4,4,4,1,1
12429321,9,15.58,2,1,1,1,1,1,1,1,1,1,1,1
12412859,9,16.33,2,1,3,3,3,4,3,4,4,4,2,2
12418165,10,15.5,1,1,3,3,3,3,3,3,3,3,2,2
12402425,10,16,1,1,2,3,3,3,3,3,3,3,1,2
12402580,10,16,1,1,3,3,3,3,3,3,3,3,2,2
12428830,10,15.83,1,1,1,3,3,3,1,1,1,1,3,3
12428727,10,16.33,2,1,999,999,999,999,999,999,999,999,999,999
12403403,10,16.25,2,1,4,4,4,4,3,4,4,4,1,1
12424270,10,16.08,2,1,3,3,3,3,3,3,3,3,2,2
12425431,10,15.42,2,1,3,3,3,3,3,3,3,3,2,2
12415454,10,15.67,2,1,1,3,3,3,2,3,2,3,3,2
12424380,10,15.67,2,1,3,1,3,3,1,1,3,1,1,2
12418825,10,15.58,2,1,3,3,3,3,3,3,3,3,2,2
12430631,10,15.92,2,1,3,3,3,3,3,4,2,3,2,2
12407330,10,16.33,2,1,2,2,3,3,3,3,2,3,2,1
12418827,9,16.17,1,3,3,3,3,3,2,4,2,3,2,2
12404032,9,15.5,2,3,4,3,3,3,4,4,4,4,2,2
12410554,9,15.42,2,1,2,3,2,3,2,3,2,2,3,3
12428297,9,15.42,2,1,3,3,3,3,2,3,3,2,1,1
12416943,10,16.17,1,1,3,4,4,4,4,4,4,4,1,1
12411535,10,15.83,1,1,3,4,3,3,3,3,3,3,2,2
12425741,10,16.33,1,3,3,3,3,4,3,4,3,4,3,3
12403842,10,16.25,1,1,3,3,3,3,2,3,3,3,3,3
12405079,10,15.92,1,1,2,3,3,3,3,3,2,999,2,2
12401475,10,15.75,1,1,3,3,3,3,3,3,3,3,2,2
12402134,10,15.75,1,1,4,3,4,3,2,3,2,2,3,4
12426004,10,15.42,1,1,2,3,3,3,3,3,3,3,2,2
12416833,10,16.17,1,1,3,3,3,2,3,3,3,3,2,2
12412411,10,15.83,1,1,4,2,2,2,4,4,4,4,2,2
12413763,10,15.75,2,3,1,4,4,4,2,4,2,4,1,1
12407675,10,15.83,2,1,4,3,3,3,3,3,3,3,2,2
12405076,10,15.67,2,1,3,3,3,3,3,3,3,3,2,2
12430138,10,15.5,2,1,4,2,2,2,4,1,3,3,2,2
12413827,10,15.58,2,1,2,3,3,3,3,4,2,4,2,2
12428697,10,16.08,2,1,3,3,3,3,2,3,2,3,2,2
12413187,10,15.83,2,1,4,4,4,4,4,4,4,4,4,4
12410682,10,15.67,2,1,2,3,2,3,1,3,2,3,2,2
12408515,10,15.58,2,2,3,3,3,3,4,3,3,3,2,2
12421453,10,16.33,2,1,1,4,4,4,1,4,1,1,4,4
12411883,10,15.83,2,1,3,3,3,3,3,3,3,3,2,1
12406208,10,15.42,2,1,4,4,4,4,2,3,3,4,1,1
12412023,10,16.33,2,3,3,3,3,3,3,3,3,3,2,2
12409803,10,15.5,2,1,1,3,3,4,2,1,1,1,4,1
12417492,10,15.75,2,2,3,3,3,4,3,4,4,4,1,1
12407914,11,16.33,2,1,3,3,3,3,2,3,2,3,1,1
12402603,10,15.5,1,2,2,4,3,3,4,4,4,4,2,2
12404289,10,15.42,1,1,3,3,3,3,3,3,3,3,3,3
12428866,10,15.67,1,1,3,3,3,4,2,3,2,2,4,2
12420921,10,15.92,1,3,2,3,3,4,3,4,3,3,2,2
12411142,10,16,1,3,3,3,4,3,2,3,3,4,2,2
12424722,10,15.75,1,1,1,3,2,3,2,3,2,1,2,2
12409369,10,15.83,1,3,3,2,3,3,4,3,3,4,2,2
12402272,10,16.08,1,1,3,3,3,3,3,3,3,3,2,2
12427826,10,15.83,1,2,4,3,4,4,4,4,4,4,1,1
12414791,10,15.42,1,3,2,4,4,3,1,4,2,4,3,999
12412371,10,15.67,1,2,3,3,3,3,3,3,3,3,2,2
12430002,10,16.25,2,999,3,3,3,3,3,3,3,3,3,3
12406670,10,15.92,2,3,4,3,3,4,3,2,2,4,1,1
12404114,10,15.58,2,2,2,3,2,3,2,3,3,2,3,3
12425314,10,15.33,2,3,3,3,3,3,3,3,3,3,2,2
12425738,10,16,2,1,3,3,3,3,3,3,3,3,4,3
12426623,10,16.25,2,3,3,4,3,3,4,3,3,3,1,2
12418660,10,15.33,2,3,3,3,3,3,3,3,3,3,1,1
12401283,10,16.25,2,2,3,3,3,3,3,3,3,3,4,4
12419574,10,16,2,3,4,3,3,3,3,4,4,4,1,1
12429521,10,16.17,2,3,4,4,4,4,4,4,4,4,1,2
12406829,10,15.42,2,1,3,3,4,3,3,3,4,4,1,1
12400027,10,15.83,2,2,999,999,999,999,999,999,999,999,999,999
12427397,10,15.92,2,3,4,4,4,4,4,4,4,4,1,2
12425202,10,16.08,2,2,4,3,3,3,4,3,3,3,4,4
12404279,10,15.58,2,1,4,4,4,4,2,3,3,3,1,1
12401351,10,15.42,2,3,3,3,3,3,3,3,3,3,2,2
12428886,10,15.42,2,1,3,4,3,3,2,3,3,3,1,2
12424796,11,16.25,1,2,1,3,2,2,2,3,2,2,3,3
12417295,11,16.25,1,1,3,3,3,3,3,3,3,3,1,1
12414359,11,16.25,2,2,2,4,4,3,3,3,3,3,2,2
12416445,9,15.67,1,1,2,3,3,3,2,3,2,3,2,2
12421071,9,15.42,2,1,2,3,4,4,2,3,2,3,2,1
12407703,10,16.08,1,1,3,3,3,3,3,3,3,3,1,2
12430485,10,15.75,1,1,3,3,3,3,3,3,3,3,2,2
12415515,10,16,1,3,2,3,4,3,3,3,2,2,1,2
12420188,10,15.42,1,1,1,3,3,3,2,3,2,2,3,2
12429187,10,15.75,1,1,4,3,3,4,3,4,4,4,2,2
12418382,10,16.17,1,1,2,3,4,4,2,3,3,3,3,2
12423369,10,16.33,1,1,4,4,1,3,1,2,1,1,3,1
12405961,10,16.08,1,1,3,3,3,4,3,4,3,3,3,2
12411056,10,15.92,1,1,2,3,3,3,2,4,2,3,2,2
12425986,10,16.08,1,1,1,4,4,4,3,3,2,2,2,2
12420068,10,16.33,1,1,2,4,4,4,3,4,3,3,1,1
12414477,10,15.67,1,1,2,3,3,3,3,3,2,2,3,3
12429301,10,15.58,1,1,3,3,4,4,3,4,3,4,4,4
12415273,10,16.08,1,1,2,3,3,3,3,3,2,3,2,2
12426607,10,15.42,1,1,3,4,3,3,3,4,2,3,2,2
12429939,10,16.08,1,1,2,3,4,3,3,3,4,4,1,2
12413718,10,16,1,1,3,3,3,3,3,3,3,3,4,4
12416920,10,15.67,1,1,3,2,3,3,3,3,3,4,3,2
12423372,10,15.83,1,1,2,4,4,3,2,4,4,4,2,1
12402153,10,16,1,1,999,999,3,3,999,3,999,3,2,2
12407108,10,15.75,1,3,3,3,3,3,3,3,3,3,1,1
12422541,10,16.17,1,999,2,3,3,3,3,3,3,3,2,2
12428112,10,16.33,2,1,2,3,3,3,3,3,3,3,3,2
12418161,10,16.08,2,2,4,4,4,4,4,4,4,3,1,1
12426655,10,16.17,2,1,3,3,3,3,4,4,3,3,4,4
12420682,10,15.75,2,999,999,999,999,999,999,999,999,999,999,999
12426893,10,15.75,2,1,2,4,3,4,1,4,2,4,2,2
12427219,10,15.83,2,1,3,3,3,3,3,3,3,3,2,2
12426503,11,16.33,1,1,2,3,3,3,3,4,1,3,2,1
12406131,11,16.25,2,1,3,3,4,3,4,3,2,3,2,2
12400776,9,15.75,1,999,999,999,999,999,999,999,999,999,999,999
12427252,9,15.83,2,1,3,2,3,3,3,3,3,3,2,2
12405344,9,15.5,2,1,1,4,1,2,1,1,1,1,1,2
12421028,9,15.58,2,1,3,2,2,2,2,3,3,3,1,1
12430873,10,15.58,1,1,4,3,3,3,4,3,4,4,2,2
12403053,10,15.75,1,1,2,3,2,3,2,3,2,3,4,1
12429026,10,15.58,1,1,2,3,3,3,2,3,2,2,2,2
12413388,10,16.17,1,2,2,4,3,3,3,3,2,3,1,1
12413538,10,16.17,1,1,3,3,3,3,2,2,3,3,3,999
12424720,10,16.08,1,999,999,999,999,999,999,999,999,999,999,999
12410757,10,15.67,1,1,3,3,3,3,4,3,3,3,4,1
12423781,10,15.67,1,1,3,2,3,4,3,4,3,3,2,2
12400882,10,15.58,1,1,4,4,4,4,4,4,4,4,2,2
12410282,10,16,1,1,3,3,3,3,3,3,3,3,2,2
12423382,10,15.83,2,1,4,2,3,3,4,3,4,4,2,2
12412392,10,15.83,2,2,3,3,4,3,3,3,3,3,2,2
12404284,10,16.33,2,1,3,3,3,3,3,3,3,3,2,2
12418587,10,15.58,2,1,2,2,999,3,2,3,2,999,3,2
12400461,10,15.75,2,1,3,3,3,3,3,3,3,3,4,4
12426667,10,15.75,2,1,4,4,4,4,3,4,4,4,2,2
12409838,10,15.58,2,1,3,3,3,2,3,3,2,3,2,2
12406384,10,15.92,2,1,3,3,3,3,2,3,3,3,2,2
12418762,10,15.92,2,1,4,3,4,3,4,4,4,4,2,2
12405356,9,15.58,1,3,2,3,4,4,4,4,4,3,2,3
12413786,9,15.5,1,3,2,3,3,2,2,3,2,2,3,3
12403172,9,15.67,1,1,2,3,2,2,2,2,2,1,3,2
12413372,9,15.67,1,3,3,3,3,3,3,3,3,3,2,2
12413393,9,15.42,2,1,4,3,3,3,3,3,3,3,2,2
12430405,10,15.58,1,1,2,3,3,3,3,2,3,3,2,2
12402902,10,16,1,2,3,2,2,2,3,3,4,3,1,1
12419244,10,15.67,1,1,4,3,3,3,3,3,3,3,2,2
12414674,10,15.75,1,1,3,3,3,2,2,3,3,3,2,2
12406794,10,15.83,1,1,2,4,3,3,4,3,4,3,3,2
12410560,10,16.08,1,2,3,3,3,3,3,3,3,3,3,2
12424311,10,16.25,1,1,3,3,2,3,4,3,3,3,2,2
12425761,10,15.5,1,2,2,4,2,3,2,3,1,3,2,2
12428292,10,16.25,1,1,3,3,3,4,3,3,3,4,3,2
12413902,10,16.17,1,1,3,3,3,3,3,3,3,3,3,3
12411607,10,16.25,2,3,4,3,3,4,4,4,4,4,2,2
12402821,10,15.5,2,1,4,3,3,3,3,3,4,4,2,2
12420363,10,16.08,2,1,3,3,3,2,3,2,3,2,1,2
12426558,10,16.08,2,1,3,3,4,3,3,3,3,3,1,1
12400373,10,16.08,2,2,4,3,3,3,4,3,3,3,2,1
12419155,10,16.25,2,1,4,4,4,4,4,4,4,4,3,4
12418859,10,15.67,2,1,3,3,3,3,3,3,3,3,1,1
12427457,10,16.25,2,999,1,1,1,1,1,1,1,1,1,1
12425402,9,15.58,2,1,4,4,4,4,4,4,4,4,1,3
12424183,9,15.42,2,1,3,3,3,2,999,4,3,3,3,3
12410284,9,15.33,2,1,1,3,3,3,3,3,3,3,1,1
12411511,10,15.5,1,1,2,4,4,3,2,2,2,4,1,2
12430651,10,15.83,1,1,2,4,999,3,3,4,3,4,4,4
12412514,10,16,1,1,3,3,3,2,3,3,3,3,2,2
12423045,10,15.67,1,1,3,3,3,3,4,3,3,3,2,2
12419579,10,15.5,1,1,2,3,3,3,2,3,3,3,2,2
12419134,10,15.75,1,2,2,3,3,3,3,3,3,3,3,2
12414623,10,15.67,1,1,3,4,4,3,4,4,4,4,2,2
12430384,10,16.17,1,1,3,2,3,3,2,2,2,3,3,3
12424951,10,15.33,1,1,4,4,4,4,2,4,4,4,1,1
12402745,10,15.33,1,1,2,4,3,3,3,3,2,3,2,2
12401109,10,16.25,2,1,2,3,3,3,2,2,2,2,2,2
12408886,10,15.83,2,1,4,3,2,3,3,3,3,3,2,2
12405288,10,15.75,2,1,2,3,3,3,2,3,2,2,3,2
12427578,10,15.5,2,3,3,3,3,3,2,3,3,3,3,2
12428739,10,15.92,2,1,4,3,3,3,2,2,1,2,3,2
12415979,10,15.92,2,1,2,3,4,3,3,4,2,4,3,2
12400958,10,16.08,2,1,3,3,3,3,2,3,2,3,3,3
12413951,10,15.58,2,3,3,4,3,4,4,4,4,4,1,1
12425141,10,16.17,2,1,3,3,3,2,3,3,3,3,3,2
12415644,10,15.58,2,1,3,3,3,3,3,3,3,3,2,2
12414665,10,16.25,2,1,2,3,2,3,3,3,3,3,3,3
12411773,10,16.08,2,1,2,2,2,3,3,3,2,3,3,2
12403709,10,15.58,2,1,4,2,3,3,3,3,3,3,1,1
12425532,10,16.25,2,1,2,3,3,3,3,3,3,3,3,2
12407910,10,15.83,1,1,3,4,3,3,3,4,3,3,3,2
12419617,10,15.83,1,1,2,4,4,4,3,4,3,2,3,3
12416634,10,16.33,1,3,2,4,4,3,2,3,3,3,2,1
12419743,10,16.25,1,3,2,4,3,3,3,3,3,3,2,2
12430210,10,16.33,1,1,4,3,3,3,4,3,4,4,4,2
12400158,10,15.58,1,2,3,3,4,4,4,4,3,3,2,1
12407313,10,16,1,2,4,4,4,4,4,4,4,4,1,2
12402233,10,15.58,1,3,2,3,3,2,4,4,4,4,2,1
12400460,10,15.75,1,3,4,4,4,4,4,4,4,4,2,1
12402736,10,15.83,1,1,3,3,3,3,3,3,3,3,3,3
12403903,10,15.67,1,999,999,999,999,999,999,999,999,999,999,999
12425941,10,16.17,1,1,2,3,2,3,3,3,3,3,1,1
12406571,10,15.67,1,1,3,4,4,4,4,4,4,4,1,1
12410421,10,16.25,1,2,3,3,4,3,3,4,4,4,1,1
12413980,10,15.58,1,3,3,3,3,3,4,4,4,4,2,2
12419842,10,15.67,1,1,999,999,999,999,999,999,999,999,999,999
12413114,10,15.58,2,3,3,3,3,3,4,3,3,3,1,1
12422736,10,15.67,2,1,1,3,3,3,3,3,4,4,2,1
12406330,10,15.83,2,1,2,4,3,3,4,3,2,2,1,2
12417746,10,16.08,2,1,3,3,999,3,3,2,3,3,2,2
12413045,10,16.08,2,3,3,3,3,3,3,3,3,3,2,2
12426245,10,16.08,2,2,2,3,3,3,2,3,3,4,3,3
12406174,10,15.83,2,2,3,3,3,3,3,3,3,3,2,2
12421667,10,15.75,2,1,4,4,4,4,4,4,4,4,4,4
12424021,10,15.5,2,1,3,3,3,3,3,3,3,3,2,2
12402756,10,15.75,2,1,1,3,1,1,2,1,2,1,2,2
12413842,10,15.83,2,1,3,3,3,3,3,3,3,3,3,3
12411570,10,16,2,3,4,4,4,4,4,4,4,4,1,1
12413165,10,15.75,2,1,4,3,4,4,4,4,4,4,1,1
12401712,10,15.5,2,3,3,3,3,3,4,3,4,4,2,2
12407850,10,15.75,2,999,999,999,999,999,999,999,999,999,999,999
12410923,10,15.83,1,1,2,3,3,3,3,3,1,2,3,2
12427725,10,15.5,1,999,4,4,4,4,4,999,4,4,4,4
12424006,10,15.42,1,2,3,4,3,3,4,4,3,3,2,1
12414740,10,15.42,1,1,3,3,3,2,999,3,2,3,4,2
12414124,10,16.17,1,3,2,3,4,3,3,3,4,4,2,3
12415595,10,15.83,1,3,2,4,4,3,4,4,4,4,1,2
12409084,10,15.58,1,1,2,3,3,3,2,3,2,3,2,2
12411331,10,16.17,1,1,2,3,3,3,3,3,3,3,2,2
12421915,10,15.58,1,3,2,4,4,4,3,4,2,3,1,1
12403170,10,16.25,1,1,3,3,3,3,4,4,4,3,2,3
12404842,10,16.25,1,1,2,2,3,3,3,3,2,3,2,2
12425643,10,15.67,2,3,3,3,4,3,3,3,3,4,2,2
12425702,10,15.67,2,2,3,4,3,3,2,3,3,3,2,2
12422945,10,15.83,2,2,3,3,3,3,3,3,3,3,1,1
12403612,10,16.25,2,1,2,3,2,2,2,3,2,2,2,3
12422649,10,15.42,2,999,4,3,4,4,4,4,4,4,2,1
12418020,10,15.58,2,3,3,4,3,2,2,4,3,4,2,2
12414373,10,15.83,2,1,3,3,3,3,3,3,3,3,2,2
12409570,10,15.58,2,3,1,3,4,4,3,4,2,2,3,2
12415198,10,16.08,2,1,3,3,3,3,3,3,3,3,2,2
12414496,10,15.92,2,2,3,3,3,3,3,2,3,3,2,2
12417052,10,15.58,2,1,1,4,2,3,3,2,1,3,2,2
12419954,10,16.17,2,3,3,3,4,3,3,3,3,3,2,2
12430713,10,15.5,2,3,3,4,4,4,4,4,3,4,2,2
12425786,10,16,2,1,3,3,3,3,3,3,3,3,2,2
12417357,11,16.33,1,1,3,3,3,3,3,3,3,3,2,2
12422791,11,16.25,2,2,3,3,4,3,3,3,3,3,2,2
12402912,11,16.25,2,1,1,3,3,3,3,4,3,1,3,2
12408613,9,16,1,1,3,3,4,3,4,3,3,3,2,2
12417216,9,16.25,2,1,3,4,3,3,3,3,2,3,2,2
12415530,9,15.33,2,2,2,3,4,4,3,4,3,3,1,2
12424385,9,15.75,2,1,4,3,3,3,3,3,2,3,1,2
12406155,9,15.42,2,1,1,3,3,3,2,2,2,2,1,1
12428615,9,15.58,2,1,3,3,3,3,3,3,3,3,2,2
12429615,10,15.92,1,1,3,3,3,3,3,3,3,3,2,2
12428139,10,15.58,1,1,3,3,3,4,2,4,3,3,2,2
12419117,10,15.58,1,1,4,3,3,3,4,3,3,3,1,1
12402466,10,15.75,1,1,3,3,3,3,3,3,3,4,1,1
12412755,10,16.33,1,1,3,3,2,2,2,3,2,3,3,2
12417250,10,15.75,1,1,3,3,3,4,4,4,4,4,1,1
12430775,10,16,1,1,2,3,3,2,2,2,2,3,3,2
12408349,10,15.67,1,1,3,3,4,3,3,3,2,3,2,2
12430852,10,15.92,1,1,3,3,3,3,3,3,3,3,2,2
12430053,10,15.75,1,1,2,3,3,3,2,3,1,3,3,3
12428165,10,15.83,1,3,4,3,3,3,2,3,3,3,3,4
12407961,10,15.75,1,1,2,3,2,2,2,2,2,2,3,2
12412058,10,16,1,1,3,4,3,2,2,3,4,3,2,2
12422843,10,15.92,1,1,2,3,3,3,3,3,2,3,2,2
12429168,10,16.33,1,1,3,3,4,3,4,4,4,3,2,2
12423909,10,15.5,2,1,3,2,3,3,3,2,3,3,2,2
12403857,10,15.75,2,1,3,3,1,3,4,3,3,3,3,2
12402763,10,15.58,2,2,2,3,3,2,2,2,3,3,2,2
12409962,10,16.25,2,1,2,3,4,3,2,3,2,3,2,1
12419858,10,16.08,2,3,2,3,4,4,4,4,2,3,2,2
12411817,10,16.25,2,1,4,3,3,2,4,3,4,3,2,2
12401459,10,15.67,2,1,1,3,2,4,1,4,1,1,3,2
12400681,10,16,2,1,3,3,3,3,4,3,4,3,2,2
12402474,10,16.25,2,1,3,3,2,3,2,3,3,3,2,3
12402162,10,16,2,1,3,4,4,3,2,4,3,4,4,4
12426189,10,15.58,2,1,3,3,4,3,4,4,4,999,2,2
12402173,10,16.08,2,1,2,3,3,3,3,3,2,3,1,1
12417487,10,16.08,2,1,4,3,3,4,2,3,4,4,1,2
12400262,10,15.58,2,1,3,2,3,3,2,3,2,2,3,2
12419059,10,16,2,1,4,3,3,3,3,3,4,4,2,2
12416152,11,16.25,2,1,2,3,3,3,3,3,3,3,2,2
12419350,10,15.75,1,3,3,3,3,3,3,3,3,3,2,2
12417943,10,15.75,1,1,2,3,3,3,2,3,2,3,2,2
12407286,10,16.17,1,1,3,3,3,3,2,3,3,2,3,2
12415424,10,16.17,1,1,4,3,3,3,3,4,4,4,2,2
12424676,10,16.17,1,999,999,999,999,999,999,999,999,999,999,999
12410909,10,16.08,1,1,3,3,3,3,3,3,3,3,3,2
12403920,10,16.33,1,1,2,4,4,3,2,3,1,2,3,3
12421577,10,16.08,1,3,3,3,3,4,4,4,4,4,1,2
12401115,10,16.08,1,1,3,2,2,2,3,3,4,4,1,1
12406784,10,15.75,1,1,3,4,3,3,999,4,3,4,1,1
12416752,10,15.42,1,1,3,4,3,3,3,4,3,3,1,2
12429974,10,15.83,1,1,2,4,4,4,3,3,3,3,2,2
12428307,10,15.67,2,1,2,3,3,3,2,3,2,3,3,2
12411871,10,15.67,2,1,3,3,3,3,3,3,3,3,2,2
12407751,10,15.83,2,1,3,3,3,3,3,3,3,3,2,2
12421807,10,15.67,2,1,4,3,3,3,3,3,3,3,2,2
12411102,10,16.33,2,1,4,4,4,4,4,4,4,4,4,4
12409423,10,16.17,2,1,2,4,4,4,3,4,2,3,2,1
12416376,10,15.5,2,1,2,4,3,3,3,2,2,3,1,2
12403968,10,15.75,2,1,3,3,3,3,3,3,3,3,2,2
12405114,10,16.25,2,1,4,3,3,3,3,4,3,3,2,2
12405493,10,15.75,2,1,3,4,3,3,3,4,3,3,3,2
12426068,10,15.92,2,1,1,3,3,3,2,3,2,3,1,2
12427575,10,16,2,1,4,3,3,3,3,3,3,3,2,2
12420772,10,15.42,1,2,3,4,3,3,3,2,2,4,1,1
12415152,10,16.08,1,1,1,3,3,2,3,4,4,4,2,2
12410542,10,15.42,1,3,2,3,3,3,3,3,3,4,1,1
12418712,10,15.75,1,2,2,3,3,4,3,2,2,4,1,2
12429059,10,16.33,1,999,999,999,999,999,999,999,999,999,999,999
12426610,10,15.67,1,1,2,3,3,3,3,3,3,4,3,2
12413444,10,15.5,1,3,1,3,2,3,2,4,2,2,3,2
12409788,10,15.67,1,2,3,3,3,4,2,4,3,3,2,2
12427642,10,16.08,1,1,2,3,3,3,3,3,4,3,2,2
12428570,10,15.92,1,3,3,4,4,3,3,3,3,4,2,3
12415935,10,15.58,1,1,2,2,4,4,2,3,2,4,2,2
12418216,10,15.83,2,1,2,3,2,3,3,4,2,4,2,2
12404164,10,15.67,2,1,3,3,4,3,3,4,3,3,2,2
12403472,10,15.75,2,1,3,3,3,3,3,3,3,3,2,2
12415439,10,16,2,2,3,3,3,3,3,3,4,3,2,2
12428526,10,16.25,2,1,3,3,3,3,3,3,3,4,2,2
12429161,10,16.08,2,999,999,999,999,999,999,999,999,999,999,999
12418457,10,15.58,2,1,4,3,3,3,4,4,1,4,4,4
12406853,10,16.17,2,2,2,2,3,3,4,3,4,999,2,3
12400928,9,15.92,2,1,2,3,3,3,4,3,2,2,1,1
12429228,10,16.33,1,1,4,4,4,4,1,4,4,4,1,1
12420644,10,15.92,1,1,3,3,3,3,1,2,2,3,4,4
12426422,10,15.75,1,1,1,4,3,3,4,3,2,2,1,2
12424812,10,16.17,1,1,3,3,4,3,3,3,3,3,4,4
12421658,10,16.17,2,1,3,3,3,3,2,3,2,3,3,2
12414281,10,16.08,2,1,2,3,3,3,2,3,2,2,3,2
12405171,10,16.08,2,1,3,3,3,3,3,3,3,3,2,2
12430061,9,15.33,1,1,1,3,4,3,2,3,1,3,3,2
12411336,10,15.5,1,1,3,3,3,3,3,3,3,3,2,2
12426248,10,16.08,1,1,2,3,3,3,3,3,2,3,2,2
12409991,10,15.33,1,1,2,3,3,3,2,3,1,3,3,2
12421809,10,15.67,1,1,3,3,3,3,3,2,4,3,3,2
12427044,10,16.08,1,1,3,4,3,3,2,3,2,3,2,2
12422571,10,16.08,2,1,3,3,3,3,3,3,4,4,1,1
12400439,10,15.58,2,3,2,3,4,3,4,4,3,3,1,2
12429930,10,15.83,1,1,3,3,3,3,2,2,3,3,2,2
12406252,10,15.67,1,1,3,3,3,3,3,3,2,3,2,2
12421931,10,16.33,1,1,2,4,4,4,2,4,2,3,3,2
12411788,10,16.08,1,1,3,3,3,3,3,999,3,3,3,2
12421952,10,16.17,1,2,4,4,3,4,3,4,4,4,2,2
12412717,10,15.92,1,999,3,3,3,3,3,3,3,3,2,3
12417340,10,15.58,1,2,2,3,3,3,3,3,3,3,2,2
12419829,10,15.92,1,2,2,3,3,3,3,3,999,2,2,2
12410367,10,15.83,1,2,2,3,3,2,3,3,4,2,2,2
12402735,10,16.33,1,1,3,3,3,3,4,4,4,4,3,2
12408334,10,15.67,1,1,1,2,3,3,2,4,2,3,2,2
12412173,10,16.08,1,1,4,4,4,4,4,4,4,4,4,4
12408175,10,16.25,1,1,3,3,3,3,3,3,3,999,3,3
12428731,10,16.17,1,1,4,4,4,4,4,4,4,4,1,2
12407167,10,15.58,1,1,2,3,3,3,3,3,3,4,1,2
12405734,10,15.83,1,1,2,4,4,4,4,4,4,4,1,2
12409875,10,16.08,1,1,2,4,3,3,2,4,2,3,2,2
12430618,10,15.5,2,1,1,4,4,4,4,4,4,4,1,1
12412703,10,16.33,2,1,1,3,2,3,1,3,1,2,3,2
12424158,10,16,2,1,3,3,3,3,3,3,3,3,1,1
12429605,10,16,2,1,3,3,3,4,4,3,2,4,1,1
12408677,10,15.83,2,1,4,3,3,3,4,3,4,4,4,4
12420431,10,15.5,2,2,4,4,4,4,4,4,4,4,2,3
12403367,10,16.33,2,1,4,3,3,3,3,3,3,3,1,1
12402205,10,16.17,2,1,3,2,2,3,3,3,3,3,1,1
12417178,10,15.67,2,1,3,3,3,2,2,2,3,2,2,2
12421247,10,15.75,2,2,3,3,3,3,3,3,3,3,2,2
12400145,10,15.92,2,1,3,2,2,2,3,3,4,4,3,2
12410176,10,15.83,2,1,3,4,3,3,3,3,2,4,4,4
12403450,10,16.17,2,2,4,4,3,3,3,3,4,4,4,4
12411875,10,16.33,2,1,3,3,3,3,3,3,3,3,4,4
12420768,10,15.5,2,2,3,3,3,3,3,3,3,3,1,1
12428093,10,16.08,2,1,4,3,3,3,3,4,3,3,2,2
12429618,10,15.75,2,2,4,3,3,4,3,4,3,4,2,2
12425541,10,15.92,2,1,3,3,3,3,3,3,2,3,3,2
12427226,9,15.75,1,3,4,3,3,3,4,4,4,4,2,2
12414483,9,15.5,1,1,3,3,3,3,3,3,3,3,3,2
12414714,9,16.08,1,3,4,2,2,3,4,4,4,4,2,3
12407379,9,15.42,2,1,3,3,3,2,3,4,1,2,2,999
12400398,10,15.83,1,1,4,4,4,4,3,4,4,4,2,2
12413384,10,15.67,1,1,3,3,3,3,3,3,3,3,3,3
12424773,10,15.5,1,1,3,3,3,3,2,3,3,3,3,3
12418463,10,16.08,1,999,3,2,3,3,3,3,3,3,2,1
12407065,10,15.92,1,2,3,3,4,3,3,4,3,3,2,2
12403603,10,16.08,1,1,2,3,3,3,2,4,2,3,3,2
12406383,10,16.25,1,1,3,3,3,2,2,2,2,2,3,2
12414305,10,15.67,1,1,2,3,3,3,2,4,2,3,2,2
12417066,10,15.42,1,2,1,3,2,2,3,3,2,1,2,3
12408154,10,15.58,1,1,2,3,3,3,3,3,3,3,2,2
12408944,10,16,1,3,2,3,3,3,2,3,2,3,2,2
12416740,10,16.17,1,1,3,3,3,3,3,3,3,3,2,2
12423676,10,15.58,1,1,4,3,3,3,3,3,3,3,2,2
12413418,10,15.83,1,3,3,3,3,3,3,4,3,3,3,1
12413579,10,16.25,1,1,3,3,3,3,3,3,3,3,2,2
12418053,10,15.5,1,1,4,4,3,3,4,3,4,4,3,2
12424630,10,15.5,2,3,4,4,4,4,4,4,4,4,1,4
12411615,10,15.33,2,3,4,3,3,3,4,3,2,3,2,2
12410164,10,16,2,1,1,4,4,3,2,3,2,2,2,2
12414632,10,16.25,2,1,4,4,4,3,4,3,4,4,1,2
12416072,10,15.67,2,1,4,4,4,3,4,3,1,4,2,2
12401329,10,16.08,2,1,3,3,3,3,2,3,2,3,3,2
12425065,10,15.67,2,2,1,4,4,4,4,4,1,2,1,2
12404735,10,15.58,2,1,1,3,4,4,2,4,2,2,2,1
12418774,10,16.08,2,2,4,4,4,4,4,4,4,4,4,4
12410422,10,15.5,2,1,2,3,3,4,3,3,2,3,2,2
12424683,10,15.92,2,3,1,4,3,4,3,4,2,3,3,1
12416417,11,16.25,1,1,2,3,3,2,2,3,2,3,2,2
12425208,10,16,1,3,3,3,3,3,3,3,3,3,2,2
12408733,10,16,1,1,2,3,3,3,3,3,3,3,3,2
12426796,10,15.5,1,1,2,3,3,3,3,4,3,3,1,1
12413603,10,16,1,3,2,3,3,3,3,4,4,4,3,2
12416293,10,16.08,1,2,4,3,4,3,3,4,4,4,1,1
12404502,10,16,1,1,3,4,3,3,2,3,2,3,3,2
12429458,10,16.08,1,3,3,3,3,3,3,3,3,3,2,2
12424560,10,16.25,1,3,2,3,3,3,2,3,2,3,4,4
12419853,10,15.67,1,3,3,4,3,3,3,3,4,4,2,2
12418536,10,16,1,3,3,3,3,3,3,3,3,3,2,2
12407618,10,16.17,1,1,4,3,3,3,3,3,3,3,2,2
12404756,10,16.08,1,1,2,4,4,3,3,3,3,2,2,2
12404807,10,16,1,1,2,3,3,3,2,4,2,3,3,2
12423643,10,15.75,1,2,3,4,4,4,3,4,4,3,1,2
12410309,10,15.58,1,1,4,3,3,3,3,3,4,4,1,2
12418261,10,15.33,1,3,2,4,4,4,3,3,2,4,2,2
12406248,10,15.58,1,3,2,3,3,3,3,3,3,2,4,2
12409928,10,16.17,1,2,4,4,3,3,4,3,3,4,2,1
12403480,10,16,2,2,4,3,4,4,4,3,4,999,2,2
12417078,10,15.42,2,2,3,3,3,3,3,3,4,4,2,2
12420858,10,15.42,2,2,3,3,3,3,3,4,3,4,2,2
12428467,10,15.75,2,2,3,3,3,3,3,3,3,3,2,2
12402565,10,16.08,2,1,3,3,3,3,3,3,3,3,2,2
12420163,10,16.08,2,3,3,3,3,3,3,3,3,3,2,2
12426260,10,15.33,2,1,2,3,4,4,3,4,4,3,2,2
12400497,10,16,2,1,4,4,4,4,3,4,3,4,2,2
12422418,10,15.5,2,2,3,3,3,3,3,3,3,3,2,2
12407723,10,15.33,2,2,4,3,4,3,3,3,3,3,2,2
12427735,10,15.75,2,3,3,3,3,4,3,3,3,4,2,2
12428246,10,15.75,2,2,4,3,3,3,4,3,4,4,3,2
12401040,10,16.17,2,3,2,4,3,4,4,4,3,4,1,1
12412407,10,15.67,2,1,3,3,3,3,2,3,3,3,2,2
12424297,10,16,2,1,3,4,3,3,3,3,3,3,4,4
12405254,10,15.92,2,1,3,4,3,4,3,3,2,3,2,2
12404168,10,15.5,2,3,3,3,3,3,3,3,3,3,4,4
12404224,10,15.33,2,2,2,4,3,3,3,3,2,3,2,2
12409236,11,16,1,3,3,4,4,3,3,4,4,4,2,2
12430910,11,16.25,1,2,3,3,3,3,3,3,2,3,3,2
12429303,11,16.25,2,2,3,4,3,3,3,3,3,3,3,2
12421299,10,16.17,1,999,999,999,999,999,999,999,999,999,999,999
12409914,10,15.83,1,999,999,999,999,999,999,999,999,999,999,999
12427228,10,15.67,1,999,999,999,999,999,999,999,999,999,999,999
12420308,10,15.83,1,999,999,999,999,999,999,999,999,999,999,999
12405014,10,15.75,1,999,999,999,999,999,999,999,999,999,999,999
12422437,10,15.67,1,999,999,999,999,999,999,999,999,999,999,999
12419390,10,15.92,1,999,999,999,999,999,999,999,999,999,999,999
12416354,10,15.75,1,999,999,999,999,999,999,999,999,999,999,999
12409268,10,16.25,1,999,999,999,999,999,999,999,999,999,999,999
12405287,10,16,2,999,999,999,999,999,999,999,999,999,999,999
12405107,10,16.08,2,999,999,999,999,999,999,999,999,999,999,999
12427324,10,16,2,999,999,999,999,999,999,999,999,999,999,999
12415421,10,15.83,2,999,999,999,999,999,999,999,999,999,999,999
12400495,10,16.08,2,999,999,999,999,999,999,999,999,999,999,999
12420367,10,16,2,999,999,999,999,999,999,999,999,999,999,999
12423958,10,15.5,1,1,3,3,3,3,2,3,3,3,1,1
12400086,10,15.33,1,1,2,3,4,3,3,3,3,3,2,2
12416899,10,15.83,1,2,3,4,4,3,2,3,2,3,2,2
12428870,10,15.42,1,1,4,3,3,2,2,3,2,3,1,1
12423342,10,15.58,1,1,3,4,3,4,2,3,3,3,1,1
12407221,10,15.58,1,999,999,999,999,999,999,999,999,999,999,999
12406636,10,15.75,1,1,2,4,3,3,2,3,2,2,2,2
12403083,10,15.42,1,999,999,999,999,999,999,999,999,999,999,999
12412014,10,15.75,1,999,999,999,999,999,999,999,999,999,999,999
12425357,10,15.67,1,1,3,3,3,3,3,3,3,3,1,1
12423587,10,15.5,1,1,3,3,3,3,3,3,3,3,4,4
12400420,10,15.33,1,1,3,3,3,3,4,4,4,4,3,999
12421095,10,15.83,1,1,3,3,3,3,3,3,3,3,2,2
12424510,10,15.58,1,1,3,4,4,4,3,4,3,4,1,1
12410670,10,15.92,1,1,3,4,4,4,2,2,3,3,1,1
12411519,10,15.5,2,1,4,3,3,3,3,3,3,3,2,2
12401465,10,16.25,2,1,3,3,3,3,3,3,3,3,3,3
12426911,10,15.67,2,1,4,3,3,3,4,4,4,4,1,1
12424036,10,15.67,2,1,2,3,2,2,3,3,3,3,2,3
12414102,10,16,2,1,4,3,3,3,3,3,3,4,3,2
12421440,10,16.08,2,1,2,3,3,3,3,3,3,3,2,2
12418334,10,16.08,2,1,3,2,2,3,2,2,1,4,2,3
12405861,10,15.67,2,1,3,3,3,3,2,3,4,3,2,2
12425345,10,15.5,2,1,4,2,3,3,4,4,4,4,3,3
12416496,10,15.92,2,1,3,3,3,3,4,3,3,3,2,1
12407821,10,15.67,2,1,4,4,4,4,4,4,4,4,3,2
12413818,10,15.83,2,1,2,3,3,3,2,3,2,3,2,2
12402283,10,15.92,2,1,2,4,3,3,2,4,2,2,3,3
12403253,10,16,2,1,2,3,3,3,3,3,3,3,1,1
12421771,10,16.25,1,1,3,3,3,3,3,3,4,4,2,2
12422260,10,16.25,1,3,2,4,3,2,2,2,1,2,2,2
12400109,10,15.92,1,999,999,999,999,999,999,999,999,999,999,999
12427407,10,15.92,1,2,3,3,3,3,3,3,3,3,2,2
12421110,10,15.83,1,1,3,3,3,3,3,2,2,2,2,2
12408533,10,16,1,3,3,2,3,2,2,3,2,2,2,3
12404409,10,15.5,1,1,4,3,4,4,4,3,4,4,2,2
12424291,10,15.83,1,3,3,3,3,3,3,3,3,3,2,2
12417806,10,15.58,1,1,2,4,3,3,3,3,2,3,2,2
12416187,10,15.83,1,1,4,4,4,3,4,4,4,4,1,2
12403877,10,15.33,1,1,2,3,2,2,3,2,3,3,2,2
12404879,10,15.75,1,2,1,3,3,3,3,3,1,3,3,3
12414227,10,15.67,1,2,3,2,3,3,3,3,3,3,2,2
12413394,10,15.67,1,3,4,4,3,3,4,4,4,4,2,2
12417030,10,16.08,1,3,3,2,4,4,4,4,4,4,2,2
12420454,10,16.25,1,1,2,3,3,3,2,3,2,3,2,2
12403184,10,15.83,2,3,3,3,3,3,2,3,3,3,2,2
12416491,10,15.42,2,1,4,4,4,4,4,4,4,4,4,4
12402741,10,15.5,2,3,3,4,3,2,3,3,3,3,2,2
12413644,10,16.08,2,3,3,3,3,3,3,3,3,3,3,2
12401677,10,15.67,2,1,4,3,3,3,3,3,3,3,1,2
12426515,10,16.25,2,1,3,3,3,3,3,3,3,999,3,2
12408346,10,16.17,2,999,999,999,999,999,999,999,999,999,999,999
12411175,10,15.58,2,3,3,3,3,3,3,3,3,3,1,1
12423214,10,16.17,2,1,4,3,3,3,4,3,4,4,2,2
12420542,10,16,2,1,2,3,3,3,3,3,2,3,2,2
12417919,10,16.17,2,3,3,3,3,3,3,3,3,3,2,2
12430567,10,15.92,2,3,4,3,4,4,4,4,4,4,3,2
12406880,10,16.25,2,1,4,3,3,3,4,3,4,3,2,2
12418027,10,15.92,2,1,2,4,3,3,3,3,2,3,2,2
12421382,10,15.42,2,1,4,4,4,4,3,2,2,3,2,2
12417039,10,15.58,2,2,3,3,3,3,3,3,3,3,2,2
12404266,10,16.08,2,3,1,4,4,4,4,4,4,4,1,1
12425288,10,16.17,2,1,4,1,1,1,1,1,4,4,1,4
12404061,10,15.67,2,1,3,3,3,3,4,3,3,3,2,2
12428704,10,15.58,2,1,3,2,2,2,2,2,2,2,2,2
12430710,10,15.58,2,1,3,999,3,3,3,3,3,3,2,2
12415318,11,16.17,1,1,2,3,3,4,3,4,1,2,3,2
12415740,10,16.25,1,1,1,3,3,3,2,2,1,1,3,2
12427112,10,15.92,1,1,1,2,2,2,2,2,2,3,3,3
12418459,10,16.08,1,1,3,3,3,3,3,2,3,3,3,2
12416416,10,15.67,1,1,4,3,2,3,3,3,3,2,4,4
12410021,10,16,1,1,3,4,4,4,3,4,3,4,1,2
12425746,10,16,1,1,4,4,4,4,4,4,4,4,1,1
12410764,10,15.58,1,1,4,3,3,3,3,3,3,3,3,2
12424631,10,15.75,1,1,2,3,3,3,2,3,2,2,2,2
12406054,10,15.83,1,1,2,3,3,3,2,3,3,3,1,1
12411361,10,15.58,1,1,4,4,4,4,4,4,4,4,3,3
12426817,10,16.33,1,1,3,4,3,3,3,3,2,3,2,2
12411997,10,16,1,1,3,3,3,3,3,3,3,3,2,2
12405925,10,15.5,1,999,999,999,999,999,999,999,999,999,999,999
12429811,10,16.08,1,1,2,3,3,2,3,3,2,2,2,2
12424175,10,15.67,1,1,4,3,4,4,4,4,4,4,1,1
12401316,10,16.08,2,999,999,999,999,999,999,999,999,999,999,999
12406677,10,15.83,2,1,4,2,4,3,4,3,4,4,3,2
12421347,10,15.92,2,1,1,3,2,2,1,3,1,1,3,3
12410759,10,15.75,2,2,3,3,3,3,3,3,3,3,2,2
12411358,10,16.25,2,1,1,3,4,3,2,3,2,4,1,2
12416578,10,15.75,2,999,999,999,999,999,999,999,999,999,999,999
12414225,10,15.75,2,1,3,4,4,3,3,4,3,4,4,4
12429452,10,16,2,1,1,3,3,3,1,2,1,1,2,2
12426843,10,16,2,1,1,2,2,3,2,1,1,3,3,2
12425852,10,16.33,2,1,3,3,3,2,3,2,3,3,2,2
12404051,10,16.33,2,1,3,3,3,3,3,3,3,3,1,1
12421180,10,15.83,2,1,3,3,3,3,2,2,2,3,2,2
12405885,10,15.83,2,1,1,3,999,4,2,4,2,4,1,1
12423568,10,15.67,2,1,1,4,4,3,2,3,2,3,1,1
12404492,10,15.67,2,1,3,3,3,3,3,3,3,3,2,2
12400483,10,16.17,2,999,999,999,999,999,999,999,999,999,999,999
12416808,10,15.67,2,1,3,3,4,4,3,4,2,4,1,1
12424623,11,16.25,2,1,2,3,3,3,3,3,3,3,2,2
12409670,11,16.25,2,999,999,999,999,999,999,999,999,999,999,999
12425018,10,15.92,1,1,2,4,3,3,3,3,3,4,2,1
12421509,10,15.58,1,1,3,3,4,4,3,2,3,4,2,2
12412287,10,15.92,1,3,3,3,3,3,3,3,3,3,2,2
12418927,10,16.25,1,1,3,3,3,3,3,3,4,3,3,2
12418420,10,15.58,1,1,3,4,4,4,3,4,3,4,2,2
12418547,10,15.5,1,1,3,4,4,4,4,4,4,4,1,1
12405488,10,15.58,1,1,3,2,2,3,2,4,2,3,3,3
12420362,10,15.67,1,1,3,3,3,3,4,3,4,4,2,2
12430027,10,15.92,1,1,3,2,2,3,3,3,3,3,2,2
12415940,10,15.67,1,2,2,4,3,4,3,3,3,3,3,3
12425017,10,15.33,1,1,3,3,4,3,3,4,4,4,2,2
12414959,10,15.5,2,2,2,3,3,3,3,999,3,3,1,2
12422680,10,16,2,3,3,3,4,3,3,3,3,3,2,2
12404566,10,15.83,2,1,3,4,4,4,4,4,4,4,2,2
12415606,10,16.25,2,1,2,3,3,3,3,3,2,3,3,3
12402236,10,15.92,2,3,4,4,4,4,4,4,4,4,2,2
12419822,10,16,2,1,3,3,3,3,4,3,3,3,2,2
12409909,10,16.25,2,1,2,4,4,4,2,4,1,4,1,1
12411417,10,15.75,2,1,2,4,4,4,4,4,4,4,1,2
12407140,10,16.08,2,1,2,4,4,4,4,4,2,4,4,4
12404132,10,15.92,2,2,3,3,4,3,4,3,4,4,3,3
12421002,10,16.25,2,1,1,1,2,3,3,3,2,1,2,3
12406542,10,16.08,2,1,1,3,3,3,1,1,1,1,1,1
12413302,10,15.92,2,3,3,3,4,2,3,4,4,4,2,2
12416278,10,15.42,2,1,3,3,3,3,3,3,3,3,1,2
12400588,10,16.08,2,1,3,4,4,4,3,4,2,4,2,2
12401787,9,15.83,2,1,3,3,3,3,3,3,3,3,2,2
12425379,9,15.42,2,3,3,3,3,3,4,3,4,4,2,2
12403905,10,15.92,1,3,3,3,3,3,4,4,4,3,2,2
12413616,10,15.58,1,2,3,4,3,3,3,999,3,3,2,2
12414283,10,15.92,1,1,1,3,1,3,1,3,1,1,4,3
12413845,10,16.08,1,1,2,2,3,3,3,3,3,3,2,2
12401796,10,16.08,1,1,2,4,3,3,2,3,2,4,2,2
12418875,10,15.75,1,1,3,3,3,3,3,4,4,3,3,2
12408375,10,16.08,1,1,2,3,3,3,2,3,2,3,2,2
12425421,10,15.58,1,1,2,4,3,2,3,4,3,3,3,2
12423210,10,15.42,1,1,3,3,3,3,3,3,3,3,2,2
12403556,10,15.67,2,1,3,3,3,2,2,2,3,3,2,2
12410747,10,15.58,2,1,3,1,3,3,4,3,3,4,1,2
12407024,10,15.67,2,1,4,3,3,3,3,3,3,3,2,2
12418752,10,16.08,2,1,3,3,3,3,3,3,3,3,2,2
12408095,10,16.25,2,1,2,3,3,3,2,3,2,3,2,1
12417917,10,16.25,2,1,2,3,4,3,4,3,4,4,2,2
12400999,10,15.5,2,1,2,3,2,3,2,3,2,3,1,2
12412901,10,16,2,3,3,3,3,3,3,3,3,3,1,1
12402661,10,16.17,2,1,3,3,3,3,3,4,3,3,2,2
12404117,10,16.33,2,1,4,2,3,3,4,3,3,3,2,2
12429189,10,16.33,2,1,2,2,3,3,3,3,3,3,1,1
12412495,11,16,2,3,2,3,2,2,2,3,2,3,3,2
12419645,10,15.67,1,2,3,4,3,3,3,3,2,3,1,2
12416646,10,15.92,1,3,3,3,3,3,3,3,1,3,2,2
12425712,10,15.33,1,1,2,3,3,3,2,3,2,2,3,2
12401062,10,15.83,1,1,1,4,3,4,1,4,1,3,1,1
12403780,10,15.92,1,3,3,2,2,3,3,2,2,2,2,3
12403908,10,15.75,1,3,3,3,3,3,3,3,4,3,3,2
12406969,10,16.17,1,1,3,3,3,2,3,3,3,3,1,2
12416900,10,16.08,1,1,4,4,3,3,2,3,2,2,2,2
12404641,10,16.25,1,1,2,3,3,3,3,3,2,2,3,3
12424227,10,16,1,1,2,3,2,2,2,3,2,2,4,3
12409731,10,16,1,1,2,3,4,4,3,4,4,4,2,2
12402901,10,15.33,1,1,4,2,2,2,3,3,3,3,2,2
12428043,10,15.42,1,3,2,3,3,3,2,4,2,3,2,2
12421075,10,15.42,2,3,3,4,4,4,3,4,3,3,2,2
12425035,10,15.5,2,3,1,3,3,3,1,4,1,3,2,2
12429839,10,15.33,2,1,4,3,3,3,4,3,4,4,1,2
12424430,10,15.75,2,1,4,4,3,4,4,3,4,3,2,2
12424526,10,15.75,2,1,3,3,3,3,2,3,3,3,2,2
12401246,10,15.5,2,3,2,3,4,3,2,2,2,3,3,2
12419864,10,16.25,2,1,3,3,3,3,3,3,3,3,2,2
12429162,10,16.08,2,1,1,4,3,3,3,4,2,3,4,3
12410931,10,15.75,2,1,4,3,4,4,3,4,4,4,3,3
12423628,10,15.58,2,3,3,3,3,3,3,3,3,3,3,2
12424462,10,15.5,2,3,4,3,4,4,4,4,4,4,1,1
12416720,10,15.92,2,1,2,4,3,4,2,3,1,3,4,2
12426254,10,15.92,2,1,3,3,3,3,3,2,3,3,2,2
12413564,10,15.58,2,3,3,3,3,3,3,3,3,3,2,2
12422841,10,15.92,2,1,3,2,3,3,3,3,2,3,2,2
12418335,10,15.75,2,1,3,3,3,3,3,3,3,3,2,2
12415336,10,16.17,2,1,4,3,4,3,2,4,4,4,1,1
12424708,10,16,2,1,3,3,3,3,3,2,2,3,2,2
12422045,10,15.5,2,1,3,3,3,3,3,3,3,4,999,2
12400639,11,16.17,1,2,2,4,2,2,2,2,2,3,1,1
12400590,11,15.58,2,3,3,3,4,3,3,4,3,3,3,2
12400346,10,15.58,1,1,1,3,2,2,1,2,1,1,4,3
12405718,10,16.08,1,2,3,3,3,3,3,3,3,3,3,2
12412116,10,15.92,1,2,1,2,1,1,1,2,1,2,4,4
12415939,10,15.67,1,1,3,3,3,3,2,3,2,3,3,2
12418559,10,15.83,1,1,4,4,4,4,2,4,4,4,1,1
12401390,10,15.58,1,1,4,3,3,3,2,3,2,4,2,2
12401275,10,15.83,1,1,2,3,3,3,2,3,2,2,2,2
12402491,10,16,1,1,1,2,3,3,1,3,1,1,3,3
12406660,10,16.25,1,3,4,4,4,4,2,3,4,4,1,2
12423258,10,16.08,1,2,3,3,4,3,3,4,3,4,1,2
12428685,10,15.5,1,1,1,3,2,3,1,4,1,1,4,4
12402004,10,15.92,1,1,3,3,3,3,2,3,2,2,3,3
12422570,10,15.67,1,2,2,3,3,3,3,3,3,3,2,2
12416598,10,15.92,1,1,4,2,4,4,4,4,3,3,2,2
12414067,10,16.17,2,999,999,999,999,999,999,999,999,999,999,999
12408454,10,15.5,2,2,2,3,3,3,2,3,2,3,2,2
12407155,10,15.58,2,1,3,3,3,3,3,3,3,3,2,2
12416405,10,15.75,2,3,3,3,3,3,3,3,3,3,2,2
12422010,10,15.92,2,2,3,4,4,4,4,4,2,3,1,1
12400178,10,15.5,2,1,2,3,3,4,3,3,3,4,3,2
12412000,10,15.92,2,3,4,4,4,4,4,4,4,4,4,4
12409921,10,16,2,999,3,3,3,3,3,3,3,3,2,2
12406787,10,16,2,2,4,4,4,4,4,4,4,4,2,2
12419066,10,15.92,2,1,1,2,1,4,1,3,1,2,3,2
12430486,10,16.25,2,999,999,999,999,999,999,999,999,999,999,999
12425606,10,16.08,2,2,3,4,3,4,4,4,4,4,1,2
12415224,10,15.33,2,2,3,4,3,3,3,3,2,3,2,2
12407877,10,15.67,2,2,3,3,2,4,2,3,4,4,1,2
12408628,10,15.75,2,3,3,1,3,3,3,4,4,4,1,2
12421989,11,16.17,1,1,2,4,3,3,3,4,2,3,2,1
12401748,9,16.25,1,1,3,3,3,3,3,3,3,3,1,2
12424725,9,15.42,1,1,3,4,4,4,4,4,4,4,3,2
12416631,9,15.67,2,1,2,3,999,999,2,3,999,999,999,999
12405398,9,15.42,2,1,2,3,3,3,2,3,2,2,2,2
12418999,10,16.17,1,1,3,3,3,3,3,3,3,3,1,2
12411863,10,16.33,1,1,2,3,3,3,3,3,3,3,3,2
12416156,10,15.58,1,1,2,3,3,3,3,3,3,3,3,2
12413744,10,15.92,1,1,3,3,3,3,3,3,3,3,4,4
12406898,10,15.67,1,1,4,3,3,4,4,4,4,4,2,1
12401862,10,15.58,1,1,3,3,3,3,2,3,2,2,2,2
12419371,10,15.92,1,2,3,4,3,3,3,3,3,3,3,3
12420648,10,15.83,1,1,2,3,3,3,2,2,2,2,3,2
12400819,10,16,1,1,2,3,3,3,3,3,3,3,2,2
12416429,10,15.67,2,1,3,3,2,3,4,4,3,4,1,1
12422857,10,15.75,2,1,3,3,3,3,3,3,3,3,3,3
12430682,10,16.33,2,1,4,3,3,3,3,3,3,3,1,2
12430667,10,15.75,2,1,3,3,3,3,3,3,3,3,3,3
12417852,10,16.33,2,1,3,4,4,4,4,4,3,3,2,2
12425525,10,15.83,2,3,2,2,2,2,2,2,2,2,1,1
12412843,10,16.17,2,1,3,3,3,3,3,3,3,3,2,2
12429305,10,16.17,2,1,4,4,4,4,4,4,4,4,1,1
12419623,10,16.33,2,1,4,3,3,3,4,2,3,3,1,1
12415170,10,15.75,2,1,2,3,3,3,3,3,3,3,2,2
12405203,10,15.58,2,1,1,4,3,3,2,999,4,2,2,2
12424516,10,15.58,2,1,2,2,3,3,3,3,2,2,2,2
12411230,10,15.92,2,1,3,3,3,3,4,4,4,4,2,2
12402742,10,15.75,2,1,3,3,4,4,4,4,4,4,2,2
12412744,10,15.58,2,1,3,3,1,3,3,3,3,3,2,2
12418751,10,15.42,1,1,2,4,4,4,3,3,2,4,3,3
12419214,10,15.58,1,1,2,4,3,3,2,4,2,4,3,2
12410511,10,16.08,1,1,3,3,3,4,4,4,3,4,2,2
12417440,10,15.67,1,2,2,3,3,3,2,4,2,3,2,2
12418526,10,16.33,1,1,4,3,3,3,3,3,3,3,2,2
12418198,10,15.5,1,1,3,3,3,4,4,3,3,3,2,2
12428196,10,16.08,1,1,4,2,2,2,4,2,4,4,3,3
12425730,10,16.08,1,1,2,3,3,3,2,3,2,3,2,2
12425497,10,15.75,1,1,3,3,3,3,4,4,3,4,1,1
12420376,10,15.92,1,2,2,3,3,3,2,3,2,3,3,2
12416799,10,15.92,1,1,4,3,4,4,4,4,2,3,2,2
12419210,10,15.75,1,1,2,4,3,3,2,3,2,3,3,2
12421316,10,15.42,2,2,3,4,4,4,4,3,3,4,1,1
12411777,10,15.42,2,1,3,3,1,2,3,3,3,3,2,2
12414135,10,15.58,2,999,999,999,999,999,999,999,999,999,999,999
12401268,10,16.25,2,1,3,3,3,4,4,4,2,3,2,2
12408368,10,15.83,2,1,2,2,3,3,2,3,4,3,2,2
12410182,10,15.67,2,1,4,3,3,3,4,4,4,4,2,2
12411865,10,15.67,2,1,3,2,3,3,2,2,3,3,2,2
12424348,10,16.33,2,999,3,3,3,3,3,3,3,3,1,2
12408268,10,16.17,2,999,999,999,999,999,999,999,999,999,999,999
12410918,10,16.33,2,1,3,3,2,4,4,3,4,4,3,2
12429532,10,15.92,2,2,3,3,3,3,3,3,3,4,1,2
12422158,10,15.92,2,3,2,3,3,3,3,3,3,3,2,2
12402639,10,15.5,2,1,3,3,3,3,2,3,3,3,2,2
12421815,9,15.5,1,1,999,999,999,999,999,999,999,999,3,2
12413972,9,15.33,2,1,3,3,3,3,3,3,3,3,2,2
12430779,10,16,1,1,4,3,4,4,4,4,999,4,2,1
12416699,10,15.42,1,3,3,3,3,3,3,3,3,3,2,2
12421561,10,15.92,1,1,1,3,3,3,1,3,1,3,4,2
12414027,10,15.58,1,1,2,3,2,3,3,3,2,2,3,3
12425522,10,15.75,1,2,1,2,4,4,4,3,4,4,3,3
12413683,10,15.92,1,1,3,3,3,3,3,3,3,3,2,2
12416186,10,15.33,1,1,1,3,3,3,1,3,2,3,2,2
12404025,10,16,1,3,3,3,4,3,3,3,3,3,2,2
12400085,10,15.67,1,1,1,3,2,3,1,3,1,1,3,2
12425556,10,16.25,2,3,4,4,4,4,4,4,4,4,4,4
12402160,10,15.92,2,2,3,3,3,3,3,3,3,3,2,2
12421414,10,16.17,2,3,3,3,3,3,4,3,3,3,2,2
12406556,10,15.33,2,1,4,4,3,3,4,3,4,4,2,2
12430171,10,15.92,2,3,3,4,3,3,3,4,4,4,1,2
12424444,10,16.08,2,999,999,999,999,999,999,999,999,999,999,999
12413628,10,15.42,2,1,999,999,999,999,999,999,999,999,999,999
12404567,10,16.25,2,1,3,3,3,3,3,3,3,3,4,4
12429576,10,16.17,2,1,3,3,3,3,3,3,3,3,1,2
12401799,10,15.83,2,1,999,999,999,999,999,999,999,999,999,999
12429638,11,16.25,2,1,2,3,3,3,3,3,2,3,2,2
12409836,11,16.17,2,1,1,2,3,2,2,3,1,1,3,2
12423325,9,15.42,2,1,3,3,3,3,4,3,3,3,1,1
12424661,10,16.08,1,2,3,3,3,3,3,3,3,3,2,2
12411601,10,16.17,1,1,3,3,2,2,3,3,3,3,3,2
12421856,10,15.58,1,2,1,3,3,2,2,2,2,2,2,1
12403229,10,16.17,1,999,999,999,999,999,999,999,999,999,999,999
12424418,10,15.5,1,999,999,999,999,999,999,999,999,999,999,999
12417200,10,15.67,1,1,2,3,3,3,2,3,2,3,2,2
12412922,10,15.5,1,1,3,3,3,3,2,4,4,3,2,2
12403640,10,15.58,1,1,999,999,999,999,999,999,999,999,999,999
12405638,10,15.83,1,1,3,3,3,3,3,3,2,3,2,2
12425668,10,15.67,1,2,3,3,3,3,3,3,3,3,1,2
12406989,10,15.42,1,1,3,4,4,3,3,3,3,3,2,2
12420778,10,15.75,1,1,1,4,4,4,4,4,4,4,1,3
12401963,10,16.08,1,1,2,2,2,4,2,3,2,3,4,3
12411649,10,16.08,1,1,2,4,4,4,4,4,4,4,2,2
12418327,10,15.67,1,1,3,3,3,3,3,3,3,3,3,2
12402501,10,16.17,1,2,2,3,3,4,3,3,3,4,1,1
12428699,10,15.5,1,1,3,3,3,3,3,3,3,3,2,2
12402246,10,16.08,2,1,999,999,999,999,999,999,999,999,999,999
12430445,10,16,2,2,1,4,3,3,2,3,2,3,3,2
12403226,10,15.75,2,999,999,999,999,999,999,999,999,999,999,999
12417910,10,15.92,2,1,3,3,3,3,3,999,3,999,2,2
12417224,10,15.58,2,1,2,3,4,3,3,3,3,3,2,2
12408780,10,16,2,1,2,3,3,3,2,2,2,3,2,2
12429972,10,16.25,2,1,3,4,3,3,2,3,2,3,2,2
12417661,10,15.83,2,2,4,3,4,4,4,4,4,4,2,2
12407125,10,15.67,2,1,4,3,3,1,1,3,3,3,2,2
12427360,10,15.5,2,1,3,3,3,3,3,3,3,3,2,2
12411926,10,15.67,2,2,3,3,3,3,2,2,3,3,2,2
12403710,10,16.17,2,3,2,4,3,3,3,3,2,2,1,2
12420583,10,15.92,2,1,4,4,2,3,2,2,2,4,2,2
12401552,10,15.67,2,3,3,2,4,3,3,4,3,4,2,2
12404744,10,15.67,2,3,3,3,3,3,4,3,4,3,2,1
12427282,10,15.92,2,1,1,3,3,3,2,3,1,2,2,2
12406912,10,15.58,2,1,1,3,4,4,3,3,2,1,1,1
12408103,10,16.08,2,1,1,2,2,3,2,3,2,1,2,3
12419245,10,15.75,2,999,999,999,999,999,999,999,999,999,999,999
12421877,11,16.25,2,999,3,3,2,3,2,3,2,3,2,2
12420938,10,15.5,1,1,4,3,3,3,4,4,4,4,2,2
12402089,10,16.17,1,2,3,3,3,3,2,3,3,3,4,3
12411707,10,16,1,1,2,3,3,3,2,3,3,3,3,2
12405237,10,16,1,3,4,4,4,4,4,4,4,4,3,2
12429261,10,16.17,1,1,3,3,3,3,3,3,2,2,2,2
12414742,10,16.08,1,1,2,3,3,3,3,3,3,3,2,2
12411879,10,15.5,1,1,3,3,3,3,3,3,3,3,2,2
12404385,10,15.33,1,1,4,4,4,4,4,4,4,4,1,1
12401255,10,15.75,1,1,3,4,3,3,3,4,3,3,3,2
12403433,10,16,1,2,3,3,3,3,4,4,3,3,3,2
12413901,10,16.08,1,1,3,3,3,3,3,3,3,3,2,2
12413532,10,15.67,1,1,4,4,3,4,4,4,3,3,4,999
12411135,10,15.75,1,1,2,4,4,3,3,3,3,3,2,2
12419770,10,15.67,1,1,4,3,4,4,3,3,999,3,2,2
12420824,10,15.33,1,2,4,3,4,3,4,3,4,4,2,2
12414701,10,15.67,1,1,1,3,2,3,1,4,3,3,3,2
12409891,10,16,2,1,3,3,3,3,3,3,3,3,2,2
12430697,10,15.67,2,1,4,2,3,4,4,4,4,4,1,1
12407385,10,15.75,2,1,4,3,4,3,4,4,3,4,1,1
12430303,10,16,2,1,3,3,3,3,4,3,2,3,1,2
12402409,10,16.08,2,1,4,3,3,3,4,3,4,4,4,4
12400535,10,15.42,2,2,1,3,3,3,2,4,2,2,2,2
12411541,10,16.25,2,1,2,3,3,3,3,3,3,3,2,2
12409148,10,15.67,2,1,4,3,2,3,3,3,3,3,1,1
12425168,10,16.25,2,2,1,4,3,3,1,2,1,2,2,2
12416498,10,15.33,2,1,3,3,2,3,3,3,3,3,2,2
12407124,10,16.08,2,1,3,3,3,3,3,3,3,3,2,2
12420803,10,16.08,2,1,4,2,2,2,4,3,4,4,2,2
12407587,10,15.5,2,1,3,3,3,3,3,3,3,3,2,1
12427451,10,15.33,2,999,1,2,3,4,3,2,1,4,4,2
12424586,10,15.33,2,2,3,3,3,3,3,3,3,3,2,2
12401163,10,15.67,2,1,3,2,3,3,2,3,1,3,1,1
12417459,11,16.25,1,1,3,3,3,3,3,3,3,3,2,2
12407201,9,15.58,1,1,3,3,3,3,3,3,3,3,3,2
12423901,9,15.5,1,1,3,3,3,3,3,3,3,3,2,2
12430481,9,15.67,1,1,4,3,3,3,3,3,3,4,2,2
12416782,9,15.58,1,1,3,3,3,3,3,3,3,3,3,2
12422698,9,15.67,2,1,3,3,3,3,3,3,3,3,1,2
12405219,9,15.42,2,1,3,3,2,3,2,3,2,3,3,2
12407781,9,15.42,2,1,3,3,3,3,3,3,3,3,2,3
12408395,9,15.42,2,1,1,3,2,3,3,3,3,3,1,1
12400228,9,15.58,2,1,4,3,2,3,3,3,3,3,2,2
12406534,9,15.42,2,1,2,4,3,3,2,2,3,3,3,3
12403550,10,15.75,1,1,3,3,3,3,2,3,3,3,2,2
12429714,10,15.58,1,1,3,3,3,3,3,2,3,3,2,2
12429506,10,15.67,1,1,3,4,4,4,3,999,3,3,1,2
12401345,10,16.08,1,2,2,3,3,3,3,3,2,3,2,2
12414250,10,16,1,1,3,3,3,3,2,4,3,3,1,2
12409017,10,15.58,1,1,2,3,3,3,2,3,2,3,3,2
12417106,10,16,1,1,4,2,3,3,4,3,3,3,2,2
12427926,10,16.17,1,1,2,3,3,3,3,3,3,3,2,2
12415529,10,15.83,1,1,4,3,3,3,3,3,3,3,1,2
12428280,10,16.25,1,1,3,3,3,3,3,3,3,3,2,2
12406977,10,15.92,2,1,3,3,3,3,3,3,3,3,3,2
12411894,10,15.75,2,1,3,3,3,3,3,3,3,3,2,2
12418063,10,16.25,2,1,2,3,3,3,3,3,3,3,2,2
12404431,10,16,2,1,3,2,3,3,2,4,3,3,2,2
12425244,10,16.33,2,999,3,2,3,3,3,2,3,3,3,2
12416160,10,15.83,2,1,3,4,3,3,3,3,2,3,2,2
12429786,10,16.33,2,1,3,2,3,2,2,3,3,3,3,3
12404837,10,16.17,2,2,3,2,999,999,999,999,999,999,999,999
12405561,10,16,2,1,3,3,3,3,999,3,3,3,2,3
12415150,10,15.83,1,2,3,3,3,3,2,3,2,4,2,2
12420990,10,15.58,1,3,1,3,3,3,1,3,1,1,2,2
12407504,10,16,1,2,3,3,3,3,3,3,4,3,2,2
12412251,10,16.25,1,3,3,3,3,3,3,3,3,3,2,2
12417358,10,15.67,2,2,4,3,3,3,3,3,3,3,2,2
12426649,10,15.83,2,3,1,4,4,4,4,3,2,2,2,3
12403394,10,15.67,2,1,2,4,2,2,2,4,2,3,2,2
12426851,10,16,2,3,3,3,3,2,3,3,3,3,2,2
12422019,10,15.92,2,2,3,3,3,4,3,3,4,4,2,2
12409967,11,16.33,2,2,3,3,4,4,3,3,3,3,1,1
12406901,9,15.33,1,1,3,2,3,3,3,2,2,3,3,2
12407769,9,16.08,1,1,3,3,3,3,3,3,3,3,2,2
12423986,9,15.33,2,1,4,3,3,3,3,2,3,3,2,2
12407780,9,15.58,2,1,4,3,3,3,3,2,3,4,1,1
12415568,9,15.33,2,3,3,3,3,3,3,3,3,3,3,2
12430030,9,15.5,2,1,1,3,4,3,2,4,1,3,3,2
12408812,10,16.25,1,1,3,3,3,3,4,3,3,3,4,2
12424635,10,15.67,1,1,4,4,4,4,4,4,4,4,1,1
12406939,10,16.08,1,1,3,3,4,4,3,3,3,4,2,2
12406340,10,15.67,1,1,3,3,3,3,3,3,3,3,2,2
12428315,10,15.58,1,1,1,3,3,2,1,3,1,2,3,2
12424699,10,15.75,1,1,3,3,2,3,3,3,3,3,4,2
12408599,10,15.75,1,1,1,3,1,2,1,1,1,1,3,4
12423928,10,15.58,1,1,1,3,3,3,1,3,1,2,2,2
12426759,10,16.08,1,1,2,3,3,3,2,2,2,3,3,2
12426201,10,15.92,1,1,3,999,2,2,2,2,2,2,3,3
12430427,10,15.42,1,1,4,4,3,4,4,4,4,4,1,1
12426142,10,16.17,1,1,1,4,3,3,3,3,1,2,2,2
12421430,10,16,2,1,2,3,3,3,3,3,2,2,1,2
12404002,10,15.5,2,1,3,3,3,3,3,3,3,3,3,2
12400225,10,15.83,2,1,999,999,999,999,999,999,999,999,999,999
12420940,10,16.25,2,1,2,4,3,3,3,3,2,3,2,1
12423776,10,15.67,2,1,4,3,3,3,4,4,4,4,1,2
12422835,10,15.83,2,1,2,3,2,3,3,3,2,4,2,2
12422881,10,15.58,2,1,4,3,4,4,4,4,4,4,1,2
12414748,10,15.83,2,1,2,3,3,3,3,2,2,2,2,1
12411885,10,16,2,1,3,3,3,3,2,4,3,4,2,2
12426934,10,15.42,2,1,3,3,2,3,3,3,2,3,2,2
12417405,10,15.5,2,1,1,3,2,3,3,3,2,2,3,2
12427284,10,15.67,2,999,3,3,3,3,3,3,3,3,2,2
12417148,10,16.08,2,1,3,4,3,3,3,3,3,3,1,1
12401363,10,15.58,2,1,3,3,2,3,3,3,3,4,2,1
12428330,10,16.17,2,1,2,2,3,3,2,3,2,3,2,2
12401772,10,15.75,2,1,3,4,4,4,4,4,4,4,2,2
